DATE      , MinT, MaxT, VPDM, Rain,  FMH,  FMW,
08/16/2019,    0 ,   78 , 3240 , 0.00 , 13.5 , 85.5 ,
08/17/2019,   58 ,   80 , 2272 , 0.00 , 29.8 , 86.6 ,
08/18/2019,   48 ,   73 , 1081 , 0.08 , 32.1 , 92.9 ,
08/19/2019,   58 ,   89 , 3173 , 0.00 , 37.7 , 93.3 ,
08/20/2019,   65 ,   90 , 3081 , 0.00 , 46.3 , 93.0 ,
08/21/2019,   57 ,   78 , 1833 , 0.00 , 55.1 , 94.9 ,
08/22/2019,   62 ,   81 , 1697 , 0.00 , 88.5 , 96.0 ,
08/23/2019,   58 ,   83 , 2235 , 0.00 , 89.9 , 98.6 ,
08/24/2019,   56 ,   77 , 1710 , 0.07 , 91.2 ,100.9 ,
08/25/2019,   60 ,   83 , 2697 , 0.00 , 89.7 , 99.4 ,
08/26/2019,   54 ,   81 , 2094 , 0.60 , 92.2 ,103.9 ,
08/27/2019,   52 ,   66 , 1483 , 0.10 , 93.5 ,106.3 ,
08/28/2019,   47 ,   80 , 2447 , 0.00 , 92.6 ,105.3 ,
08/29/2019,   51 ,   83 , 2620 , 0.00 , 92.2 ,104.9 ,
08/30/2019,   54 ,   73 , 1690 , 0.13 , 95.1 ,109.8 ,
08/31/2019,   50 ,   76 , 1562 , 0.00 , 95.9 ,111.1 ,
09/01/2019,   60 ,   84 , 2069 , 0.00 , 95.5 ,110.8 ,
09/02/2019,   59 ,   90 , 3611 , 0.00 , 95.1 ,110.4 ,
09/03/2019,   59 ,   89 , 3359 , 0.00 , 94.3 ,109.5 ,
09/04/2019,   57 ,   87 , 3022 , 0.00 , 93.7 ,108.9 ,
09/05/2019,   65 ,   90 , 3563 , 0.00 , 92.7 ,108.0 ,
09/06/2019,   60 ,   85 , 3000 , 0.00 , 91.0 ,106.2 ,
09/07/2019,   56 ,   73 , 1552 , 0.00 , 91.4 ,106.8 ,
09/08/2019,   47 ,   69 , 1137 , 0.00 , 92.0 ,107.9 ,
09/09/2019,   48 ,   73 , 1441 , 0.01 , 93.2 ,109.9 ,
09/10/2019,   52 ,   73 , 1496 , 0.00 , 93.8 ,110.9 ,
09/11/2019,   50 ,   73 , 1468 , 0.00 , 95.1 ,113.2 ,
09/12/2019,   48 ,   63 ,  452 , 0.44 ,104.0 ,126.6 ,
09/13/2019,   44 ,   74 , 2006 , 0.14 ,105.6 ,129.0 ,
09/14/2019,   52 ,   79 , 2435 , 0.00 ,103.5 ,126.9 ,
09/15/2019,   59 ,   88 , 3571 , 0.00 ,101.0 ,124.3 ,
09/16/2019,   75 ,   90 , 4092 , 0.00 , 97.5 ,120.8 ,
09/17/2019,   71 ,   90 , 3900 , 0.00 , 95.6 ,118.9 ,
09/18/2019,   53 ,   82 , 2686 , 0.06 , 96.2 ,119.7 ,
09/19/2019,   57 ,   90 , 4044 , 0.00 , 91.7 ,115.2 ,
09/20/2019,   54 ,   86 , 3097 , 0.00 , 90.9 ,114.4 ,
09/21/2019,   49 ,   72 , 1098 , 0.60 , 95.0 ,120.8 ,
09/22/2019,   46 ,   64 , 1160 , 0.15 , 99.9 ,128.1 ,
09/23/2019,   47 ,   76 , 2022 , 0.00 , 99.4 ,127.7 ,
09/24/2019,   55 ,   77 , 2312 , 0.00 , 99.4 ,127.6 ,
09/25/2019,   49 ,   67 , 1355 , 0.00 , 98.9 ,127.2 ,
09/26/2019,   44 ,   76 , 2297 , 0.00 , 96.7 ,124.9 ,
09/27/2019,   47 ,   78 , 2488 , 0.00 , 95.7 ,123.9 ,
09/28/2019,   42 ,   53 ,  562 , 0.02 , 96.0 ,124.6 ,
09/29/2019,   44 ,   58 ,  625 , 0.00 , 95.9 ,124.5 ,
09/30/2019,   41 ,   62 ,  341 , 1.33 ,107.3 ,140.4 ,
10/01/2019,   32 ,   41 ,  113 , 0.02 ,110.0 ,146.3 ,
10/02/2019,   32 ,   38 ,   70 , 0.25 ,115.7 ,158.2 ,
10/03/2019,   33 ,   57 ,  809 , 0.06 ,117.4 ,161.9 ,
10/04/2019,   38 ,   70 , 1477 , 0.00 ,117.6 ,162.1 ,
10/05/2019,   41 ,   71 , 1657 , 0.04 ,118.6 ,163.3 ,
10/06/2019,   41 ,   56 , 1071 , 0.00 ,116.5 ,159.8 ,
10/07/2019,   40 ,   67 , 1739 , 0.00 ,110.5 ,153.6 ,
10/08/2019,   54 ,   75 , 2607 , 0.00 ,107.2 ,150.3 ,
10/09/2019,   29 ,   77 , 2692 , 0.01 ,105.5 ,148.6 ,
10/10/2019,   18 ,   28 ,   42 , 0.00 ,106.3 ,150.3 ,
10/11/2019,   17 ,   29 ,  200 , 0.01 ,107.3 ,152.5 ,
10/12/2019,   28 ,   43 ,  612 , 0.01 ,105.8 ,149.9 ,
10/13/2019,   33 ,   56 , 1270 , 0.00 ,103.9 ,146.8 ,
10/14/2019,   40 ,   63 , 1493 , 0.00 , 99.7 ,142.5 ,
10/15/2019,   34 ,   59 , 1142 , 0.00 , 99.8 ,142.6 ,
10/16/2019,   33 ,   70 , 1852 , 0.00 , 95.7 ,138.5 ,
10/17/2019,   50 ,   79 , 3044 , 0.00 , 91.2 ,134.0 ,
10/18/2019,   43 ,   77 , 2818 , 0.03 , 91.6 ,134.5 ,
10/19/2019,   40 ,   57 , 1174 , 0.00 , 89.5 ,130.9 ,
10/20/2019,   31 ,   58 , 1250 , 0.42 , 92.7 ,138.4 ,
10/21/2019,   28 ,   41 ,  384 , 0.31 , 95.7 ,145.2 ,
10/22/2019,   35 ,   46 ,  560 , 0.13 , 97.3 ,148.7 ,
10/23/2019,   28 ,   47 ,  494 , 0.10 , 99.6 ,153.7 ,
10/24/2019,   30 ,   43 ,  631 , 0.04 ,101.6 ,157.8 ,
10/25/2019,   38 ,   61 , 1226 , 0.00 , 99.9 ,154.9 ,
10/26/2019,   31 ,   63 , 1453 , 0.00 , 16.1 , 50.0 ,
10/27/2019,   17 ,   29 ,  259 , 0.00 , 10.8 , 50.0 ,
10/28/2019,   15 ,   32 ,  391 , 0.00 ,  7.9 , 50.0 ,
10/29/2019,    7 ,   30 ,  321 , 0.00 , 11.2 , 50.0 ,
10/30/2019,    6 ,   28 ,  368 , 0.00 ,  7.1 , 50.0 ,
10/31/2019,   20 ,   43 ,  725 , 0.00 ,  7.2 , 50.0 ,
11/01/2019,   28 ,   39 ,  492 , 0.00 , 13.9 , 50.0 ,
11/02/2019,   29 ,   43 ,  697 , 0.00 ,  9.1 , 50.0 ,
11/03/2019,   36 ,   44 ,  558 , 0.03 , 17.9 , 50.0 ,
11/04/2019,   28 ,   39 ,  194 , 0.11 , 21.6 , 50.0 ,
11/05/2019,   26 ,   48 ,  490 , 0.02 , 10.8 , 50.0 ,
11/06/2019,   15 ,   49 ,  520 , 0.00 , 18.2 , 50.0 ,
11/07/2019,    6 ,   45 ,  752 , 0.11 ,  6.7 , 50.0 ,
11/08/2019,   31 ,   58 , 1431 , 0.00 ,  5.3 , 50.0 ,
11/09/2019,   54 ,   64 , 1709 , 0.00 ,  4.8 , 50.0 ,
11/10/2019,   17 ,   62 , 1479 , 0.00 , 21.1 , 50.0 ,
11/11/2019,    1 ,   16 ,   87 , 0.02 , 14.1 , 50.0 ,
11/12/2019,    9 ,   54 , 1238 , 0.04 ,  4.5 , 50.0 ,
11/13/2019,   32 ,   54 , 1209 , 0.19 , 18.9 , 50.0 ,
11/14/2019,   35 ,   51 ,  764 , 0.00 ,  8.2 , 50.0 ,
11/15/2019,   36 ,   63 , 1571 , 0.00 ,  5.3 , 50.0 ,
11/16/2019,   44 ,   62 , 1479 , 0.13 , 12.2 , 50.0 ,
11/17/2019,   38 ,   52 ,  965 , 0.00 ,  7.0 , 50.0 ,
11/18/2019,   47 ,   53 ,  905 , 0.04 ,  8.2 , 50.0 ,
11/19/2019,   36 ,   55 ,  959 , 0.00 ,  8.5 , 50.0 ,
11/20/2019,   29 ,   55 ,  870 , 0.00 , 24.5 , 50.0 ,
11/21/2019,   20 ,   32 ,  202 , 0.05 , 12.6 , 50.0 ,
11/22/2019,   19 ,   52 , 1057 , 0.00 ,  5.7 , 50.0 ,
11/23/2019,   40 ,   53 , 1124 , 0.00 ,  5.7 , 50.0 ,
11/24/2019,   47 ,   57 , 1221 , 0.00 ,  5.7 , 50.0 ,
11/25/2019,   30 ,   53 ,  987 , 0.00 ,  9.1 , 50.0 ,
11/26/2019,   23 ,   36 ,  380 , 0.00 , 16.3 , 50.0 ,
11/27/2019,   15 ,   32 ,  354 , 0.00 , 11.3 , 50.0 ,
11/28/2019,   16 ,   33 ,  401 , 0.00 , 10.7 , 50.0 ,
11/29/2019,   22 ,   35 ,  317 , 0.00 , 12.6 , 50.0 ,
11/30/2019,   19 ,   31 ,  158 , 0.00 , 21.9 , 50.0 ,
12/01/2019,   18 ,   37 ,  104 , 0.17 , 17.7 , 50.0 ,
12/02/2019,   25 ,   47 ,  724 , 0.01 ,  7.4 , 50.0 ,
12/03/2019,   39 ,   47 ,  702 , 0.00 ,  8.1 , 50.0 ,
12/04/2019,   40 ,   54 ,  967 , 0.00 ,  7.0 , 50.0 ,
12/05/2019,   30 ,   54 ,  982 , 0.00 , 19.2 , 50.0 ,
12/06/2019,   26 ,   51 ,  853 , 0.00 ,  7.9 , 50.0 ,
12/07/2019,   44 ,   53 ,  987 , 0.00 ,  6.9 , 50.0 ,
12/08/2019,   43 ,   53 ,  946 , 0.00 ,  9.9 , 50.0 ,
12/09/2019,    6 ,   38 ,  318 , 0.00 , 11.9 , 50.0 ,
12/10/2019,    6 ,   31 ,  258 , 0.00 , 11.0 , 50.0 ,
12/11/2019,   15 ,   35 ,  358 , 0.00 , 12.7 , 50.0 ,
12/12/2019,   22 ,   46 ,  602 , 0.00 ,  8.6 , 50.0 ,
12/13/2019,   33 ,   49 ,  721 , 0.00 , 16.1 , 50.0 ,
12/14/2019,   18 ,   30 ,   79 , 0.00 , 21.7 , 50.0 ,
12/15/2019,   18 ,   34 ,  311 , 0.05 , 10.9 , 50.0 ,
12/16/2019,   24 ,   34 ,  384 , 0.00 ,  9.1 , 50.0 ,
12/17/2019,   24 ,   39 ,  581 , 0.00 ,  8.6 , 50.0 ,
12/18/2019,   36 ,   51 , 1121 , 0.00 ,  4.1 , 50.0 ,
12/19/2019,   37 ,   53 , 1207 , 0.00 ,  5.7 , 50.0 ,
12/20/2019,   36 ,   54 , 1081 , 0.00 ,  5.8 , 50.0 ,
12/21/2019,   47 ,   57 , 1317 , 0.00 ,  4.7 , 50.0 ,
12/22/2019,   50 ,   59 , 1517 , 0.00 ,  4.1 , 50.0 ,
12/23/2019,   40 ,   59 , 1517 , 0.00 ,  6.7 , 50.0 ,
12/24/2019,   37 ,   57 , 1221 , 0.00 ,  6.0 , 50.0 ,
12/25/2019,   22 ,   56 , 1086 , 0.00 , 16.1 , 50.0 ,
12/26/2019,   24 ,   34 ,  371 , 0.00 ,  9.5 , 50.0 ,
12/27/2019,   23 ,   41 ,  575 , 0.00 ,  7.8 , 50.0 ,
12/28/2019,   22 ,   39 ,  452 , 0.00 , 11.0 , 50.0 ,
12/29/2019,   18 ,   27 ,  214 , 0.00 , 18.7 , 50.0 ,
12/30/2019,   20 ,   31 ,  416 , 0.00 ,  7.1 , 50.0 ,
12/31/2019,   26 ,   46 ,  887 , 0.00 ,  6.1 , 50.0 ,
01/01/2020,   38 ,   47 ,  888 , 0.00 ,  7.7 , 50.0 ,
01/02/2020,   31 ,   46 ,  676 , 0.12 , 11.8 , 50.0 ,
01/03/2020,   24 ,   39 ,  403 , 0.00 , 11.3 , 50.0 ,
01/04/2020,   31 ,   57 , 1221 , 0.00 ,  6.0 , 50.0 ,
01/05/2020,   29 ,   53 , 1042 , 0.00 ,  6.2 , 50.0 ,
01/06/2020,   26 ,   36 ,  538 , 0.00 ,  7.8 , 50.0 ,
01/07/2020,   26 ,   38 ,  535 , 0.00 , 14.7 , 50.0 ,
01/08/2020,   23 ,   47 ,  614 , 0.00 ,  9.2 , 50.0 ,
01/09/2020,   28 ,   40 ,  436 , 0.00 , 16.0 , 50.0 ,
01/10/2020,    7 ,   28 ,  161 , 0.07 , 13.6 , 50.0 ,
01/11/2020,   10 ,   26 ,  253 , 0.01 , 18.1 , 50.0 ,
01/12/2020,   23 ,   49 ,  863 , 0.07 ,  7.7 , 50.0 ,
01/13/2020,   21 ,   38 ,  512 , 0.00 ,  8.1 , 50.0 ,
01/14/2020,    3 ,   35 ,  400 , 0.00 , 14.7 , 50.0 ,
01/15/2020,   -9 ,   19 ,  110 , 0.00 , 14.9 , 50.0 ,
01/16/2020,   12 ,   37 ,  522 , 0.00 ,  8.1 , 50.0 ,
01/17/2020,   18 ,   53 , 1138 , 0.00 , 10.2 , 50.0 ,
01/18/2020,    9 ,   28 ,  306 , 0.00 ,  8.7 , 50.0 ,
01/19/2020,   20 ,   37 ,  440 , 0.00 ,  9.4 , 50.0 ,
01/20/2020,   25 ,   48 ,  718 , 0.00 ,  7.7 , 50.0 ,
01/21/2020,   38 ,   54 , 1209 , 0.00 ,  7.4 , 50.0 ,
01/22/2020,   33 ,   55 , 1033 , 0.09 , 23.4 , 50.0 ,
01/23/2020,   30 ,   39 ,  395 , 0.07 , 10.3 , 50.0 ,
01/24/2020,   24 ,   45 ,  498 , 0.00 , 10.6 , 50.0 ,
01/25/2020,   37 ,   45 ,  641 , 0.00 ,  7.8 , 50.0 ,
01/26/2020,   36 ,   44 ,  626 , 0.00 ,  7.4 , 50.0 ,
01/27/2020,   22 ,   43 ,  603 , 0.00 , 12.0 , 50.0 ,
01/28/2020,   30 ,   42 ,  625 , 0.02 ,  7.2 , 50.0 ,
01/29/2020,   31 ,   43 ,  669 , 0.00 , 10.4 , 50.0 ,
01/30/2020,   31 ,   42 ,  444 , 0.01 , 19.6 , 50.0 ,
01/31/2020,   28 ,   47 ,  823 , 0.01 ,  6.7 , 50.0 ,
02/01/2020,   43 ,   62 , 1593 , 0.00 ,  4.8 , 50.0 ,
02/02/2020,   36 ,   60 , 1501 , 0.00 , 10.0 , 50.0 ,
02/03/2020,   17 ,   36 ,  366 , 0.00 , 14.6 , 50.0 ,
02/04/2020,   14 ,   27 ,  269 , 0.06 , 12.4 , 50.0 ,
02/05/2020,   14 ,   30 ,  389 , 0.01 ,  9.5 , 50.0 ,
02/06/2020,   26 ,   31 ,  299 , 0.00 , 17.3 , 50.0 ,
02/07/2020,   24 ,   30 ,  180 , 0.00 , 13.3 , 50.0 ,
02/08/2020,   23 ,   37 ,  418 , 0.06 , 10.5 , 50.0 ,
02/09/2020,   21 ,   34 ,  212 , 0.05 , 16.2 , 50.0 ,
02/10/2020,   24 ,   32 ,  299 , 0.07 , 11.3 , 50.0 ,
02/11/2020,   20 ,   39 ,  661 , 0.00 ,  5.4 , 50.0 ,
02/12/2020,   14 ,   41 ,  689 , 0.00 , 15.0 , 50.0 ,
02/13/2020,   -7 ,   21 ,  174 , 0.03 , 10.9 , 50.0 ,
02/14/2020,   19 ,   50 , 1006 , 0.00 ,  5.8 , 50.0 ,
02/15/2020,   28 ,   50 ,  933 , 0.00 ,  7.2 , 50.0 ,
02/16/2020,   31 ,   43 ,  659 , 0.00 ,  7.3 , 50.0 ,
02/17/2020,   26 ,   43 ,  631 , 0.03 , 14.5 , 50.0 ,
02/18/2020,   15 ,   28 ,  213 , 0.05 , 14.0 , 50.0 ,
02/19/2020,    9 ,   29 ,  227 , 0.03 , 10.9 , 50.0 ,
02/20/2020,   14 ,   38 ,  628 , 0.01 ,  6.5 , 50.0 ,
02/21/2020,   28 ,   53 , 1248 , 0.00 ,  3.2 , 50.0 ,
02/22/2020,   38 ,   55 , 1343 , 0.00 ,  4.5 , 50.0 ,
02/23/2020,   30 ,   53 , 1138 , 0.00 ,  9.6 , 50.0 ,
02/24/2020,   24 ,   42 ,  462 , 0.00 , 21.3 , 50.0 ,
02/25/2020,   19 ,   29 ,   54 , 0.00 , 21.3 , 50.0 ,
02/26/2020,    8 ,   31 ,  135 , 0.06 , 14.9 , 50.0 ,
02/27/2020,   28 ,   38 ,  326 , 0.09 , 10.9 , 50.0 ,
02/28/2020,   40 ,   53 , 1037 , 0.00 ,  5.7 , 50.0 ,
03/01/2020,   29 ,   57 , 1301 , 0.00 , 12.3 , 50.0 ,
03/02/2020,   26 ,   40 ,  637 , 0.00 ,  7.3 , 50.0 ,
03/03/2020,   29 ,   40 ,  528 , 0.00 , 16.4 , 50.0 ,
03/04/2020,   34 ,   55 , 1195 , 0.03 ,  4.9 , 50.0 ,
03/05/2020,   29 ,   54 , 1067 , 0.00 ,  6.3 , 50.0 ,
03/06/2020,   32 ,   62 , 1460 , 0.00 ,  5.6 , 50.0 ,
03/07/2020,   54 ,   68 , 2033 , 0.00 ,  3.9 , 50.0 ,
03/08/2020,   31 ,   67 , 1852 , 0.00 , 14.8 , 50.0 ,
03/09/2020,   24 ,   50 ,  687 , 0.00 ,  9.3 , 50.0 ,
03/10/2020,   30 ,   51 ,  713 , 0.01 ,  9.4 , 50.0 ,
03/11/2020,   40 ,   60 , 1431 , 0.00 ,  4.7 , 50.0 ,
03/12/2020,   26 ,   57 , 1221 , 0.06 , 12.9 , 50.0 ,
03/13/2020,   19 ,   33 ,  292 , 0.12 , 12.9 , 50.0 ,
03/14/2020,   23 ,   35 ,  262 , 0.01 , 11.7 , 50.0 ,
03/15/2020,   23 ,   42 ,  372 , 0.00 , 11.3 , 50.0 ,
03/16/2020,   17 ,   39 ,  258 , 0.00 , 22.1 , 50.0 ,
03/17/2020,   17 ,   44 ,  391 , 0.03 , 11.0 , 50.0 ,
03/18/2020,   26 ,   48 ,  581 , 0.00 , 14.2 , 50.0 ,
03/19/2020,   20 ,   42 ,  317 , 0.00 , 22.9 , 50.0 ,
03/20/2020,    4 ,   26 ,  105 , 0.11 , 18.0 , 50.0 ,
03/21/2020,   17 ,   49 ,  828 , 0.01 ,  6.8 , 50.0 ,
03/22/2020,   31 ,   53 , 1001 , 0.00 ,  9.4 , 50.0 ,
03/23/2020,   30 ,   59 , 1432 , 0.00 ,  4.4 , 50.0 ,
03/24/2020,   43 ,   59 , 1483 , 0.00 ,  7.8 , 50.0 ,
03/25/2020,   30 ,   54 ,  853 , 0.19 , 23.2 , 50.0 ,
03/26/2020,   27 ,   38 ,  132 , 0.10 , 20.2 , 50.0 ,
03/27/2020,   30 ,   44 ,  656 , 0.10 ,  7.8 , 50.0 ,
03/28/2020,   31 ,   48 ,  786 , 0.00 ,  7.3 , 50.0 ,
03/29/2020,   40 ,   55 , 1166 , 0.00 ,  5.4 , 50.0 ,
03/30/2020,   37 ,   62 , 1593 , 0.00 ,  4.2 , 50.0 ,
03/31/2020,   46 ,   62 , 1612 , 0.00 ,  4.3 , 50.0 ,
04/01/2020,   26 ,   63 , 1611 , 0.07 , 22.1 , 50.0 ,
04/02/2020,    6 ,   25 ,   92 , 0.00 , 17.3 , 50.0 ,
04/03/2020,    5 ,   29 ,  162 , 0.04 , 11.9 , 50.0 ,
04/04/2020,   24 ,   46 ,  845 , 0.00 ,  5.9 , 50.0 ,
04/05/2020,   33 ,   52 ,  952 , 0.00 ,  8.2 , 50.0 ,
04/06/2020,   37 ,   67 , 1784 , 0.00 ,  5.4 , 50.0 ,
04/07/2020,   42 ,   67 , 1852 , 0.00 ,  4.6 , 50.0 ,
04/08/2020,   31 ,   68 , 1940 , 0.00 ,  6.8 , 50.0 ,
04/09/2020,   26 ,   44 ,  803 , 0.00 ,  5.0 , 50.0 ,
04/10/2020,   31 ,   64 , 1688 , 0.00 ,  4.9 , 50.0 ,
04/11/2020,   27 ,   64 , 1587 , 0.00 , 22.2 , 50.0 ,
04/12/2020,   17 ,   26 ,   86 , 0.04 , 16.9 , 50.0 ,
04/13/2020,   11 ,   22 ,  218 , 0.00 ,  9.0 , 50.0 ,
04/14/2020,   12 ,   31 ,  317 , 0.00 , 10.3 , 50.0 ,
04/15/2020,   26 ,   34 ,  278 , 0.08 , 34.7 , 61.0 ,
04/16/2020,   19 ,   37 ,  522 , 0.06 , 42.1 , 72.8 ,
04/17/2020,   22 ,   49 ,  970 , 0.00 , 57.0 , 83.0 ,
04/18/2020,   41 ,   53 , 1124 , 0.00 , 74.6 , 92.9 ,
04/19/2020,   31 ,   50 ,  626 , 0.42 , 95.2 ,107.4 ,
04/20/2020,   37 ,   57 , 1142 , 0.00 ,110.3 ,119.0 ,
04/21/2020,   39 ,   68 , 1823 , 0.00 ,125.5 ,129.2 ,
04/22/2020,   44 ,   68 , 1893 , 0.00 ,120.0 ,124.9 ,
04/23/2020,   44 ,   66 , 1767 , 0.00 ,116.2 ,121.0 ,
04/24/2020,   40 ,   52 ,  542 , 0.19 ,118.9 ,127.7 ,
04/25/2020,   40 ,   59 , 1278 , 0.05 ,120.0 ,130.6 ,
04/26/2020,   46 ,   69 , 1887 , 0.00 ,115.5 ,126.1 ,
04/27/2020,   46 ,   73 , 2189 , 0.00 ,113.7 ,124.2 ,
04/28/2020,   44 ,   71 , 1916 , 0.03 ,114.3 ,125.1 ,
04/29/2020,   38 ,   66 , 1767 , 0.00 ,111.5 ,122.2 ,
04/30/2020,   51 ,   77 , 2565 , 0.00 ,108.2 ,118.9 ,
05/01/2020,   53 ,   76 , 2144 , 0.07 ,106.2 ,116.9 ,
05/02/2020,   45 ,   64 , 1485 , 0.00 ,104.8 ,115.4 ,
05/03/2020,   43 ,   67 , 1377 , 0.00 ,103.0 ,113.6 ,
05/04/2020,   44 ,   61 , 1062 , 0.51 ,109.7 ,124.1 ,
05/05/2020,   40 ,   56 , 1209 , 0.00 ,109.2 ,123.1 ,
05/06/2020,   35 ,   59 , 1295 , 0.00 ,108.6 ,122.1 ,
05/07/2020,   39 ,   61 , 1208 , 0.08 ,109.7 ,124.9 ,
05/08/2020,   33 ,   57 ,  983 , 0.18 ,111.2 ,128.6 ,
05/09/2020,   32 ,   56 ,  903 , 0.07 ,112.7 ,132.4 ,
05/10/2020,   30 ,   44 ,  519 , 0.10 ,113.7 ,134.6 ,
05/11/2020,   32 ,   41 ,  349 , 0.00 ,112.2 ,132.2 ,
05/12/2020,   31 ,   55 ,  605 , 0.00 ,112.9 ,133.8 ,
05/13/2020,   40 ,   60 ,  777 , 0.31 ,115.7 ,140.3 ,
05/14/2020,   45 ,   60 , 1219 , 0.01 ,115.3 ,139.9 ,
05/15/2020,   44 ,   59 ,  818 , 0.18 ,117.9 ,143.4 ,
05/16/2020,   40 ,   50 ,  233 , 0.45 ,124.0 ,156.4 ,
05/17/2020,   38 ,   69 , 1742 , 0.01 ,123.7 ,156.1 ,
05/18/2020,   54 ,   75 , 1896 , 0.00 ,120.5 ,152.8 ,
05/19/2020,   70 ,   82 , 2649 , 0.00 ,119.0 ,151.2 ,
05/20/2020,   64 ,   87 , 3241 , 0.00 ,115.5 ,147.7 ,
05/21/2020,   54 ,   83 , 3121 , 0.07 ,116.1 ,148.5 ,
05/22/2020,   51 ,   79 , 2909 , 0.00 ,109.4 ,141.8 ,
05/23/2020,   53 ,   78 , 2749 , 0.00 ,103.2 ,135.5 ,
05/24/2020,   44 ,   56 ,  474 , 0.25 ,104.1 ,137.5 ,
05/25/2020,   43 ,   58 ,  855 , 0.02 ,105.1 ,139.0 ,
05/26/2020,   46 ,   71 , 1787 , 0.02 ,105.5 ,139.4 ,
05/27/2020,   51 ,   72 , 1688 , 0.00 ,104.0 ,137.9 ,
05/28/2020,   48 ,   62 , 1251 , 0.00 ,102.1 ,136.0 ,
05/29/2020,   47 ,   70 , 1677 , 0.00 , 98.6 ,132.5 ,
05/30/2020,   49 ,   71 , 1528 , 0.01 , 96.9 ,130.8 ,
05/31/2020,   55 ,   88 , 3300 , 0.00 , 94.7 ,128.5 ,
06/01/2020,   68 ,   90 , 3707 , 0.00 , 91.4 ,125.2 ,
06/02/2020,   60 ,   79 , 1860 , 0.00 , 91.9 ,126.0 ,
06/03/2020,   58 ,   78 , 2127 , 0.04 , 92.3 ,126.4 ,
06/04/2020,   54 ,   78 , 2226 , 0.04 , 93.8 ,128.7 ,
06/05/2020,   54 ,   78 , 1833 , 0.20 , 94.3 ,129.5 ,
06/06/2020,   68 ,   85 , 2671 , 0.00 , 90.5 ,125.6 ,
06/07/2020,   63 ,   85 , 3164 , 0.07 , 89.9 ,125.0 ,
06/08/2020,   51 ,   79 , 2638 , 0.10 , 90.4 ,125.8 ,
06/09/2020,   47 ,   71 , 1735 , 0.31 , 95.0 ,132.6 ,
06/10/2020,   48 ,   66 , 1614 , 0.00 , 92.9 ,130.4 ,
06/11/2020,   50 ,   80 , 2796 , 0.00 , 89.9 ,127.4 ,
06/12/2020,   60 ,   83 , 3121 , 0.00 , 86.4 ,123.8 ,
06/13/2020,   72 ,   89 , 3779 , 0.00 , 83.0 ,120.4 ,
06/14/2020,   71 ,   88 , 4114 , 0.00 , 79.5 ,116.8 ,
06/15/2020,   55 ,   87 , 3942 , 0.00 , 76.9 ,114.2 ,
06/16/2020,   72 ,   92 , 4510 , 0.00 , 72.7 ,109.9 ,
06/17/2020,   51 ,   92 , 4664 , 0.03 , 73.1 ,110.7 ,
06/18/2020,   49 ,   76 , 1838 , 0.00 , 71.9 ,109.4 ,
06/19/2020,   45 ,   66 , 1352 , 0.12 , 72.2 ,109.8 ,
06/20/2020,   52 ,   74 , 1891 , 0.14 , 74.1 ,113.1 ,
06/21/2020,   58 ,   75 , 1837 , 0.27 , 75.5 ,115.4 ,
06/22/2020,   56 ,   74 , 1633 , 0.02 , 75.8 ,115.9 ,
06/23/2020,   49 ,   78 , 2226 , 0.00 , 74.8 ,114.8 ,
06/24/2020,   66 ,   86 , 3012 , 0.00 , 73.0 ,113.1 ,
06/25/2020,   62 ,   86 , 2885 , 0.04 , 73.9 ,114.5 ,
06/26/2020,   55 ,   81 , 2419 , 0.00 , 73.0 ,113.6 ,
06/27/2020,   68 ,   90 , 3707 , 0.00 , 69.9 ,110.5 ,
06/28/2020,   67 ,   91 , 3925 , 0.00 , 67.6 ,108.1 ,
06/29/2020,   57 ,   84 , 2268 , 0.43 , 69.6 ,111.5 ,
06/30/2020,   58 ,   88 , 2848 , 0.04 , 70.6 ,113.1 ,
07/01/2020,   50 ,   79 , 2774 , 0.00 , 69.7 ,112.2 ,
07/02/2020,   66 ,   89 , 3733 , 0.00 , 67.3 ,109.7 ,
07/03/2020,   59 ,   88 , 3571 , 0.00 , 66.0 ,108.5 ,
07/04/2020,   61 ,   88 , 3345 , 0.00 , 65.5 ,107.9 ,
07/05/2020,   61 ,   88 , 3526 , 0.00 , 65.3 ,107.8 ,
07/06/2020,   58 ,   83 , 2235 , 0.17 , 70.6 ,116.3 ,
07/07/2020,   62 ,   86 , 2418 , 0.10 , 71.4 ,117.5 ,
07/08/2020,   59 ,   90 , 3852 , 0.00 , 70.8 ,116.9 ,
07/09/2020,   55 ,   79 , 2165 , 0.00 , 70.6 ,116.8 ,
07/10/2020,   59 ,   87 , 2496 , 0.09 , 71.7 ,118.4 ,
07/11/2020,   55 ,   83 , 2543 , 0.31 , 72.6 ,119.9 ,
07/12/2020,   59 ,   90 , 3226 , 0.00 , 71.5 ,118.8 ,
07/13/2020,   63 ,   92 , 4049 , 0.00 , 66.2 ,113.5 ,
07/14/2020,   52 ,   82 , 2686 , 0.59 , 69.7 ,119.0 ,
07/15/2020,   56 ,   80 , 2726 , 0.01 , 69.9 ,119.4 ,
07/16/2020,   58 ,   82 , 2723 , 0.00 , 68.6 ,118.1 ,
07/17/2020,   70 ,   93 , 4388 , 0.00 , 66.2 ,115.5 ,
07/18/2020,   63 ,   93 , 4177 , 0.00 , 64.2 ,113.6 ,
07/19/2020,   58 ,   81 , 2600 , 0.13 , 66.0 ,116.5 ,
07/20/2020,   60 ,   80 , 1957 , 0.00 , 63.7 ,114.1 ,
07/21/2020,   55 ,   79 , 2199 , 0.18 , 62.0 ,112.4 ,
07/22/2020,   62 ,   89 , 2893 , 0.00 , 62.0 ,112.5 ,
07/23/2020,   72 ,   94 , 4253 , 0.00 , 61.0 ,111.4 ,
07/24/2020,   67 ,   96 , 4755 , 0.01 , 60.8 ,111.3 ,
07/25/2020,   66 ,   92 , 4100 , 0.00 , 59.0 ,109.4 ,
07/26/2020,   60 ,   89 , 3499 , 0.00 , 58.0 ,108.4 ,
07/27/2020,   62 ,   88 , 3345 , 0.00 , 55.6 ,105.9 ,
07/28/2020,   63 ,   90 , 3900 , 0.00 , 51.6 ,102.0 ,
07/29/2020,   62 ,   74 , 1461 , 0.10 , 54.6 ,107.1 ,
07/30/2020,   58 ,   84 , 2507 , 0.04 , 56.4 ,110.2 ,
07/31/2020,   59 ,   85 , 2917 , 0.38 , 58.3 ,113.3 ,
08/01/2020,   55 ,   88 , 3345 , 0.00 , 58.3 ,113.4 ,
08/02/2020,   54 ,   79 , 2063 , 0.00 , 57.9 ,112.9 ,
08/03/2020,   56 ,   84 , 2388 , 0.00 , 56.5 ,111.5 ,
08/04/2020,   58 ,   86 , 2715 , 0.42 , 57.3 ,112.8 ,
08/05/2020,   60 ,   82 , 2760 , 0.00 , 55.4 ,110.9 ,
08/06/2020,   57 ,   89 , 3453 , 0.00 , 54.2 ,109.7 ,
08/07/2020,   63 ,   92 , 3946 , 0.00 , 52.1 ,107.6 ,
08/08/2020,   62 ,   89 , 3546 , 0.00 , 51.0 ,106.5 ,
08/09/2020,   68 ,   86 , 3139 , 0.00 , 49.4 ,104.8 ,
08/10/2020,   51 ,   81 , 2672 , 0.00 , 48.0 ,103.5 ,
08/11/2020,   65 ,   87 , 2978 , 0.00 , 45.1 ,100.5 ,
08/12/2020,   62 ,   95 , 5005 , 0.00 , 42.9 , 98.3 ,
08/13/2020,   73 ,   97 , 5440 , 0.00 , 40.6 , 95.9 ,
08/14/2020,   53 ,   87 , 3460 , 0.00 , 40.0 , 95.3 ,
08/15/2020,   56 ,   86 , 3606 , 0.00 , 38.6 , 93.9 ,
08/16/2020,   58 ,   89 , 4059 , 0.00 , 36.9 , 92.2 ,
08/17/2020,   64 ,   95 , 4780 , 0.00 , 34.9 , 90.2 ,
08/18/2020,   71 ,   95 , 4836 , 0.00 , 32.0 , 87.2 ,
08/19/2020,   70 ,   92 , 4305 , 0.00 , 30.2 , 85.4 ,
08/20/2020,   77 ,   92 , 4151 , 0.00 , 30.0 , 84.1 ,
08/21/2020,   65 ,   93 , 4335 , 0.00 , 30.0 , 82.7 ,
08/22/2020,   64 ,   91 , 4024 , 0.00 , 30.0 , 82.1 ,
08/23/2020,   76 ,   92 , 4100 , 0.00 , 30.0 , 81.0 ,
08/24/2020,   58 ,   92 , 3895 , 0.00 , 30.0 , 80.9 ,
08/25/2020,   69 ,   95 , 4442 , 0.00 , 30.0 , 79.6 ,
08/26/2020,   66 ,   96 , 4929 , 0.00 , 30.0 , 78.8 ,
08/27/2020,   62 ,   89 , 3406 , 0.29 , 30.0 , 81.7 ,
08/28/2020,   59 ,   87 , 2628 , 0.28 , 30.0 , 86.0 ,
08/29/2020,   54 ,   85 , 3123 , 0.00 , 30.0 , 85.9 ,
08/30/2020,   63 ,   87 , 3197 , 0.02 , 30.0 , 86.8 ,
08/31/2020,   46 ,   66 , 1745 , 0.01 , 30.2 , 87.6 ,
09/01/2020,   51 ,   73 , 2133 , 0.00 , 30.0 , 87.1 ,
09/02/2020,   63 ,   88 , 3843 , 0.00 , 30.0 , 86.1 ,
09/03/2020,   51 ,   90 , 4429 , 0.00 , 30.0 , 84.4 ,
09/04/2020,   57 ,   82 , 2910 , 0.00 , 30.0 , 82.0 ,
09/05/2020,   59 ,   94 , 4362 , 0.00 , 30.0 , 81.4 ,
09/06/2020,   67 ,   95 , 4949 , 0.00 , 30.0 , 80.0 ,
09/07/2020,   39 ,   82 , 2947 , 0.24 , 30.0 , 85.5 ,
09/08/2020,   32 ,   42 ,  363 , 1.15 , 35.3 ,105.0 ,
09/09/2020,   29 ,   51 ,  802 , 0.19 , 36.5 ,108.6 ,
09/10/2020,   38 ,   63 , 1473 , 0.00 , 36.5 ,108.6 ,
09/11/2020,   44 ,   64 , 1587 , 0.08 , 38.1 ,111.2 ,
09/12/2020,   52 ,   74 , 2292 , 0.00 , 38.7 ,112.2 ,
09/13/2020,   58 ,   77 , 2597 , 0.00 , 38.1 ,111.7 ,
09/14/2020,   52 ,   91 , 4521 , 0.00 , 36.0 ,109.5 ,
09/15/2020,   64 ,   91 , 4521 , 0.00 , 30.0 ,101.7 ,
09/16/2020,   46 ,   81 , 2672 , 0.00 , 30.0 ,102.4 ,
09/17/2020,   51 ,   72 , 1580 , 0.00 , 30.0 ,103.6 ,
09/18/2020,   51 ,   75 , 1926 , 0.00 , 30.0 ,101.9 ,
09/19/2020,   59 ,   82 , 2350 , 0.00 , 30.0 ,102.4 ,
09/20/2020,   56 ,   81 , 2925 , 0.00 , 30.0 ,102.4 ,
09/21/2020,   49 ,   76 , 2389 , 0.00 , 30.0 ,100.7 ,
09/22/2020,   57 ,   83 , 2890 , 0.00 , 30.0 , 96.3 ,
09/23/2020,   61 ,   82 , 2984 , 0.00 , 30.0 , 94.7 ,
09/24/2020,   55 ,   87 , 3460 , 0.00 , 30.0 , 93.6 ,
09/25/2020,   55 ,   90 , 4237 , 0.00 , 30.0 , 91.0 ,
09/26/2020,   50 ,   68 , 1706 , 0.01 , 30.0 , 92.8 ,
09/27/2020,   47 ,   61 , 1391 , 0.00 , 30.0 , 92.8 ,
09/28/2020,   44 ,   60 , 1342 , 0.00 , 30.0 , 91.4 ,
09/29/2020,   51 ,   74 , 2264 , 0.00 , 30.0 , 87.8 ,
09/30/2020,   47 ,   75 , 2281 , 0.00 , 30.0 , 87.2 ,
10/01/2020,   34 ,   56 , 1178 , 0.00 , 30.0 , 87.2 ,
10/02/2020,   43 ,   66 , 1679 , 0.00 , 30.0 , 86.0 ,
10/03/2020,   46 ,   65 , 1496 , 0.00 , 30.0 , 86.1 ,
10/04/2020,   43 ,   76 , 2389 , 0.00 , 30.0 , 86.4 ,
10/05/2020,   61 ,   76 , 2543 , 0.00 , 30.0 , 85.0 ,
10/06/2020,   51 ,   80 , 2866 , 0.00 , 30.0 , 83.3 ,
10/07/2020,   46 ,   81 , 2997 , 0.00 , 30.0 , 82.7 ,
10/08/2020,   54 ,   80 , 2761 , 0.00 , 30.0 , 82.1 ,
10/09/2020,   56 ,   81 , 3033 , 0.00 , 30.0 , 80.7 ,
10/10/2020,   48 ,   84 , 3542 , 0.00 , 30.0 , 79.3 ,
10/11/2020,   40 ,   83 , 3429 , 0.01 , 30.0 , 81.6 ,
10/12/2020,   40 ,   63 , 1453 , 0.00 , 30.0 , 81.3 ,
10/13/2020,   42 ,   66 , 1723 , 0.00 , 30.0 , 80.5 ,
10/14/2020,   44 ,   67 , 1693 , 0.32 , 30.0 , 87.6 ,
10/15/2020,   33 ,   45 ,  671 , 0.00 , 30.1 , 89.7 ,
10/16/2020,   33 ,   49 ,  816 , 0.00 , 30.5 , 91.0 ,
10/17/2020,   29 ,   49 ,  769 , 0.45 , 36.1 ,107.2 ,
10/18/2020,   18 ,   27 ,   60 , 0.08 , 22.2 , 50.0 ,
10/19/2020,   20 ,   33 ,   45 , 0.16 , 23.4 , 50.0 ,
10/20/2020,   29 ,   43 ,  207 , 0.44 , 16.4 , 50.0 ,
10/21/2020,   30 ,   40 ,  201 , 0.08 , 20.3 , 50.0 ,
10/22/2020,   24 ,   33 ,   51 , 0.00 , 22.6 , 50.0 ,
10/23/2020,   12 ,   26 ,   91 , 0.10 , 18.3 , 50.0 ,
10/24/2020,   17 ,   22 ,   52 , 0.00 , 21.3 , 50.0 ,
10/25/2020,    7 ,   20 ,   93 , 0.00 , 15.7 , 50.0 ,
10/26/2020,   -2 ,   30 ,  180 , 0.20 , 12.1 , 50.0 ,
10/27/2020,   18 ,   48 ,  809 , 0.03 ,  7.4 , 50.0 ,
10/28/2020,   43 ,   49 ,  733 , 0.00 , 10.5 , 50.0 ,
10/29/2020,   36 ,   58 , 1135 , 0.00 ,  6.7 , 50.0 ,
10/30/2020,   42 ,   67 , 1829 , 0.00 ,  4.6 , 50.0 ,
10/31/2020,   42 ,   67 , 1874 , 0.00 ,  7.9 , 50.0 ,
11/01/2020,   29 ,   59 , 1381 , 0.00 ,  4.8 , 50.0 ,
11/02/2020,   53 ,   74 , 2350 , 0.00 ,  4.2 , 50.0 ,
11/03/2020,   62 ,   75 , 2607 , 0.00 ,  3.3 , 50.0 ,
11/04/2020,   51 ,   75 , 2637 , 0.00 ,  3.9 , 50.0 ,
11/05/2020,   55 ,   75 , 2578 , 0.00 ,  3.3 , 50.0 ,
11/06/2020,   63 ,   76 , 2665 , 0.00 ,  4.0 , 50.0 ,
11/07/2020,   46 ,   74 , 2264 , 0.00 ,  4.8 , 50.0 ,
11/08/2020,   37 ,   74 , 2235 , 0.00 , 11.9 , 50.0 ,
11/09/2020,   17 ,   37 ,  432 , 0.00 ,  8.3 , 50.0 ,
11/10/2020,   17 ,   39 ,  573 , 0.00 ,  6.6 , 50.0 ,
11/11/2020,   29 ,   40 ,  604 , 0.00 ,  7.7 , 50.0 ,
11/12/2020,   13 ,   35 ,  406 , 0.00 ,  8.4 , 50.0 ,
11/13/2020,   24 ,   53 , 1220 , 0.00 ,  3.8 , 50.0 ,
11/14/2020,   30 ,   54 , 1238 , 0.03 , 20.9 , 50.0 ,
11/15/2020,   27 ,   44 ,  744 , 0.00 ,  6.1 , 50.0 ,
11/16/2020,   38 ,   48 ,  809 , 0.00 ,  6.1 , 50.0 ,
11/17/2020,   34 ,   66 , 1592 , 0.00 ,  6.2 , 50.0 ,
11/18/2020,   54 ,   68 , 1963 , 0.00 ,  4.5 , 50.0 ,
11/19/2020,   42 ,   69 , 1959 , 0.00 ,  9.4 , 50.0 ,
11/20/2020,   37 ,   44 ,  675 , 0.00 ,  6.6 , 50.0 ,
11/21/2020,   29 ,   47 ,  790 , 0.00 ,  6.3 , 50.0 ,
11/22/2020,   29 ,   46 ,  887 , 0.00 ,  5.1 , 50.0 ,
11/23/2020,   27 ,   49 , 1005 , 0.00 ,  7.3 , 50.0 ,
11/24/2020,   28 ,   46 ,  866 , 0.00 ,  6.6 , 50.0 ,
11/25/2020,   28 ,   54 , 1138 , 0.00 ,  5.1 , 50.0 ,
11/26/2020,   30 ,   48 ,  831 , 0.00 ,  7.4 , 50.0 ,
11/27/2020,   31 ,   51 ,  981 , 0.00 ,  5.3 , 50.0 ,
11/28/2020,   46 ,   64 , 1912 , 0.00 ,  2.4 , 50.0 ,
11/29/2020,   20 ,   61 , 1684 , 0.00 ,  4.0 , 50.0 ,
11/30/2020,   30 ,   59 , 1568 , 0.00 ,  2.6 , 50.0 ,
12/01/2020,   30 ,   60 , 1625 , 0.00 , 17.1 , 50.0 ,
12/02/2020,   24 ,   35 ,  393 , 0.00 ,  8.4 , 50.0 ,
12/03/2020,   27 ,   49 ,  993 , 0.00 ,  6.4 , 50.0 ,
12/04/2020,   41 ,   54 , 1124 , 0.00 ,  5.0 , 50.0 ,
12/05/2020,   36 ,   54 , 1124 , 0.00 ,  5.1 , 50.0 ,
12/06/2020,   34 ,   60 , 1519 , 0.00 ,  3.8 , 50.0 ,
12/07/2020,   43 ,   60 , 1519 , 0.00 ,  4.1 , 50.0 ,
12/08/2020,   51 ,   66 , 1898 , 0.00 ,  3.5 , 50.0 ,
12/09/2020,   50 ,   68 , 2033 , 0.00 ,  3.5 , 50.0 ,
12/10/2020,   29 ,   66 , 1898 , 0.00 , 10.9 , 50.0 ,
12/11/2020,   19 ,   32 ,  281 , 0.00 , 13.4 , 50.0 ,
12/12/2020,   20 ,   29 ,  162 , 0.00 , 22.6 , 50.0 ,
12/13/2020,   14 ,   27 ,  179 , 0.00 , 12.0 , 50.0 ,
12/14/2020,   12 ,   25 ,  133 , 0.00 , 20.1 , 50.0 ,
12/15/2020,   13 ,   35 ,  351 , 0.02 ,  9.6 , 50.0 ,
12/16/2020,   27 ,   37 ,  485 , 0.00 , 11.5 , 50.0 ,
12/17/2020,   33 ,   44 ,  675 , 0.00 ,  7.0 , 50.0 ,
12/18/2020,   30 ,   45 ,  671 , 0.04 , 13.4 , 50.0 ,
12/19/2020,   30 ,   46 ,  760 , 0.00 ,  6.6 , 50.0 ,
12/20/2020,   35 ,   51 ,  892 , 0.00 ,  6.7 , 50.0 ,
12/21/2020,   36 ,   52 ,  952 , 0.00 ,  6.7 , 50.0 ,
12/22/2020,   37 ,   59 , 1227 , 0.00 ,  5.8 , 50.0 ,
12/23/2020,   13 ,   59 , 1261 , 0.00 , 12.7 , 50.0 ,
12/24/2020,   16 ,   41 ,  541 , 0.00 ,  7.9 , 50.0 ,
12/25/2020,   41 ,   51 , 1032 , 0.00 ,  4.8 , 50.0 ,
12/26/2020,   33 ,   54 , 1181 , 0.00 ,  5.6 , 50.0 ,
12/27/2020,   26 ,   50 ,  908 , 0.10 , 24.5 , 50.0 ,
12/28/2020,   18 ,   35 ,  234 , 0.00 , 12.2 , 50.0 ,
12/29/2020,   22 ,   35 ,  269 , 0.02 , 13.1 , 50.0 ,
12/30/2020,   21 ,   37 ,  515 , 0.00 ,  7.1 , 50.0 ,
12/31/2020,   32 ,   44 ,  705 , 0.00 ,  7.9 , 50.0 ,
01/01/2021,   35 ,   45 ,  691 , 0.00 ,  6.7 , 50.0 ,
01/02/2021,   33 ,   49 , 1017 , 0.00 ,  5.6 , 50.0 ,
01/03/2021,   35 ,   52 , 1071 , 0.00 ,  5.4 , 50.0 ,
01/04/2021,   33 ,   48 ,  866 , 0.00 ,  5.7 , 50.0 ,
01/05/2021,   34 ,   47 ,  867 , 0.00 , 11.5 , 50.0 ,
01/06/2021,   31 ,   45 ,  793 , 0.00 ,  5.4 , 50.0 ,
01/07/2021,   28 ,   45 ,  783 , 0.00 ,  7.0 , 50.0 ,
01/08/2021,   27 ,   33 ,  362 , 0.01 , 24.9 , 50.0 ,
01/09/2021,   24 ,   31 ,   29 , 0.00 , 23.9 , 50.0 ,
01/10/2021,   16 ,   39 ,  234 , 0.06 , 13.4 , 50.0 ,
01/11/2021,   32 ,   47 ,  823 , 0.00 ,  7.0 , 50.0 ,
01/12/2021,   41 ,   55 , 1166 , 0.00 ,  5.0 , 50.0 ,
01/13/2021,   46 ,   56 , 1209 , 0.00 ,  6.4 , 50.0 ,
01/14/2021,   28 ,   55 , 1003 , 0.01 ,  7.6 , 50.0 ,
01/15/2021,   20 ,   34 ,  483 , 0.00 ,  6.4 , 50.0 ,
01/16/2021,   29 ,   41 ,  741 , 0.00 , 10.5 , 50.0 ,
01/17/2021,   28 ,   39 ,  524 , 0.00 ,  7.5 , 50.0 ,
01/18/2021,   25 ,   39 ,  468 , 0.01 , 22.2 , 50.0 ,
01/19/2021,   23 ,   33 ,  324 , 0.00 ,  9.8 , 50.0 ,
01/20/2021,   29 ,   43 ,  791 , 0.00 ,  6.6 , 50.0 ,
01/21/2021,   25 ,   41 ,  610 , 0.00 ,  8.5 , 50.0 ,
01/22/2021,   16 ,   32 ,  366 , 0.00 , 10.2 , 50.0 ,
01/23/2021,   18 ,   31 ,  270 , 0.00 , 15.3 , 50.0 ,
01/24/2021,   11 ,   33 ,  324 , 0.00 ,  9.4 , 50.0 ,
01/25/2021,   16 ,   35 ,  379 , 0.00 , 19.0 , 50.0 ,
01/26/2021,   12 ,   20 ,   67 , 0.00 , 19.1 , 50.0 ,
01/27/2021,    8 ,   30 ,  197 , 0.00 , 11.9 , 50.0 ,
01/28/2021,   28 ,   50 ,  859 , 0.01 ,  6.4 , 50.0 ,
01/29/2021,   38 ,   54 , 1110 , 0.00 ,  5.3 , 50.0 ,
01/30/2021,   15 ,   56 , 1193 , 0.00 , 19.3 , 50.0 ,
01/31/2021,   29 ,   45 ,  641 , 0.04 ,  7.5 , 50.0 ,
02/01/2021,   28 ,   51 , 1019 , 0.00 ,  5.8 , 50.0 ,
02/02/2021,   33 ,   60 , 1484 , 0.00 ,  4.6 , 50.0 ,
02/03/2021,   33 ,   63 , 1630 , 0.00 , 18.2 , 50.0 ,
02/04/2021,   17 ,   31 ,  252 , 0.00 , 11.8 , 50.0 ,
02/05/2021,   20 ,   31 ,  293 , 0.00 , 12.0 , 50.0 ,
02/06/2021,   -3 ,   26 ,  148 , 0.00 , 13.8 , 50.0 ,
02/07/2021,   -3 ,    5 ,   69 , 0.00 , 13.1 , 50.0 ,
02/08/2021,  -13 ,    6 ,   84 , 0.01 , 11.3 , 50.0 ,
02/09/2021,   -9 ,    7 ,   90 , 0.00 , 11.1 , 50.0 ,
02/10/2021,   -7 ,    4 ,   76 , 0.00 , 12.2 , 50.0 ,
02/11/2021,  -11 ,    4 ,   71 , 0.00 , 12.1 , 50.0 ,
02/12/2021,  -15 ,   -2 ,   62 , 0.00 , 11.1 , 50.0 ,
02/13/2021,  -20 ,   -2 ,   63 , 0.00 , 10.7 , 50.0 ,
02/14/2021,  -19 ,   -1 ,   69 , 0.00 , 10.8 , 50.0 ,
02/15/2021,  -11 ,   11 ,  123 , 0.01 , 10.8 , 50.0 ,
02/16/2021,   -9 ,   15 ,  125 , 0.00 , 11.2 , 50.0 ,
02/17/2021,    9 ,   19 ,  117 , 0.00 , 15.3 , 50.0 ,
02/18/2021,    7 ,   24 ,  268 , 0.00 ,  8.4 , 50.0 ,
02/19/2021,   12 ,   40 ,  621 , 0.09 ,  6.2 , 50.0 ,
02/20/2021,   28 ,   42 ,  644 , 0.00 ,  8.3 , 50.0 ,
02/21/2021,   26 ,   39 ,  500 , 0.00 ,  7.8 , 50.0 ,
02/22/2021,   34 ,   51 ,  866 , 0.00 ,  7.4 , 50.0 ,
02/23/2021,   32 ,   49 ,  769 , 0.05 , 12.2 , 50.0 ,
02/24/2021,   23 ,   38 ,  419 , 0.00 , 12.9 , 50.0 ,
02/25/2021,   20 ,   40 ,  688 , 0.00 ,  5.2 , 50.0 ,
02/26/2021,   31 ,   40 ,  654 , 0.00 ,  6.1 , 50.0 ,
02/27/2021,   22 ,   39 ,  581 , 0.00 ,  9.9 , 50.0 ,
02/28/2021,   14 ,   34 ,  430 , 0.11 ,  7.0 , 50.0 ,
03/01/2021,   30 ,   47 ,  735 , 0.00 ,  6.5 , 50.0 ,
03/02/2021,   46 ,   53 , 1083 , 0.00 ,  5.5 , 50.0 ,
03/03/2021,   36 ,   59 , 1381 , 0.00 ,  4.5 , 50.0 ,
03/04/2021,   36 ,   60 , 1378 , 0.00 ,  5.8 , 50.0 ,
03/05/2021,   42 ,   62 , 1479 , 0.00 ,  5.0 , 50.0 ,
03/06/2021,   41 ,   69 , 2225 , 0.00 ,  3.0 , 50.0 ,
03/07/2021,   40 ,   63 , 1670 , 0.00 ,  6.0 , 50.0 ,
03/08/2021,   39 ,   56 , 1056 , 0.00 ,  7.3 , 50.0 ,
03/09/2021,   37 ,   64 , 1566 , 0.00 ,  7.8 , 50.0 ,
03/10/2021,   26 ,   50 ,  736 , 0.00 , 20.7 , 50.0 ,
03/11/2021,   28 ,   44 ,  675 , 0.01 ,  7.2 , 50.0 ,
03/12/2021,   25 ,   47 ,  691 , 0.00 ,  8.7 , 50.0 ,
03/13/2021,   31 ,   51 ,  828 , 0.00 ,  6.6 , 50.0 ,
03/14/2021,   31 ,   47 ,  702 , 0.05 , 16.5 , 50.0 ,
03/15/2021,   23 ,   31 ,   59 , 0.01 , 23.0 , 50.0 ,
03/16/2021,   24 ,   32 ,   92 , 0.07 , 20.0 , 50.0 ,
03/17/2021,   25 ,   41 ,  410 , 0.21 , 10.7 , 50.0 ,
03/18/2021,   21 ,   46 ,  665 , 0.00 ,  7.4 , 50.0 ,
03/19/2021,   34 ,   61 , 1336 , 0.00 ,  5.3 , 50.0 ,
03/20/2021,   45 ,   63 , 1453 , 0.00 ,  6.4 , 50.0 ,
03/21/2021,   31 ,   63 , 1336 , 0.03 ,  7.7 , 50.0 ,
03/22/2021,   34 ,   53 , 1042 , 0.00 ,  5.0 , 50.0 ,
03/23/2021,   32 ,   52 , 1005 , 0.03 , 10.6 , 50.0 ,
03/24/2021,   26 ,   46 ,  729 , 0.01 ,  6.4 , 50.0 ,
03/25/2021,   33 ,   53 , 1056 , 0.00 ,  5.0 , 50.0 ,
03/26/2021,   30 ,   54 , 1081 , 0.01 , 21.4 , 50.0 ,
03/27/2021,   31 ,   43 ,  471 , 0.12 ,  9.8 , 50.0 ,
03/28/2021,   35 ,   65 , 1706 , 0.02 ,  4.4 , 50.0 ,
03/29/2021,   32 ,   67 , 1919 , 0.00 , 11.4 , 50.0 ,
03/30/2021,   19 ,   39 ,  597 , 0.00 ,  5.7 , 50.0 ,
03/31/2021,   23 ,   43 ,  735 , 0.00 ,  4.9 , 50.0 ,
04/01/2021,   31 ,   65 , 1833 , 0.00 ,  3.4 , 50.0 ,
04/02/2021,   58 ,   70 , 2303 , 0.00 ,  3.0 , 50.0 ,
04/03/2021,   50 ,   72 , 2357 , 0.00 ,  3.2 , 50.0 ,
04/04/2021,   54 ,   74 , 2579 , 0.00 ,  2.5 , 50.0 ,
04/05/2021,   55 ,   74 , 2579 , 0.00 ,  5.7 , 50.0 ,
04/06/2021,   33 ,   62 , 1308 , 0.00 , 17.0 , 50.0 ,
04/07/2021,   30 ,   48 ,  683 , 0.50 ,  7.4 , 50.0 ,
04/08/2021,   36 ,   65 , 1664 , 0.00 ,  4.5 , 50.0 ,
04/09/2021,   28 ,   65 , 1748 , 0.12 , 18.9 , 50.0 ,
04/10/2021,   30 ,   64 , 1668 , 0.00 ,  4.2 , 50.0 ,
04/11/2021,   31 ,   65 , 1770 , 0.00 , 17.3 , 50.0 ,
04/12/2021,   27 ,   39 ,  387 , 0.00 , 11.1 , 50.0 ,
04/13/2021,   23 ,   34 ,  324 , 0.00 , 10.5 , 50.0 ,
04/14/2021,   23 ,   34 ,  311 , 0.00 , 10.4 , 50.0 ,
04/15/2021,   26 ,   36 ,  308 , 0.01 , 35.1 , 59.3 ,
04/16/2021,   29 ,   34 ,   60 , 0.25 , 48.4 , 71.8 ,
04/17/2021,   30 ,   47 ,  636 , 0.06 , 55.4 , 85.0 ,
04/18/2021,   38 ,   58 , 1184 , 0.00 , 69.4 , 95.7 ,
04/19/2021,   20 ,   56 , 1040 , 0.12 , 89.7 ,111.2 ,
04/20/2021,   22 ,   30 ,  236 , 0.19 ,108.9 ,127.2 ,
04/21/2021,   20 ,   41 ,  532 , 0.00 ,122.3 ,137.9 ,
04/22/2021,   26 ,   52 ,  833 , 0.00 ,121.5 ,137.1 ,
04/23/2021,   28 ,   54 ,  996 , 0.00 ,119.6 ,133.1 ,
04/24/2021,   26 ,   52 ,  661 , 0.01 ,119.7 ,133.5 ,
04/25/2021,   30 ,   56 ,  796 , 0.00 ,120.5 ,135.3 ,
04/26/2021,   43 ,   56 ,  765 , 0.00 ,120.7 ,135.7 ,
04/27/2021,   39 ,   52 ,  397 , 0.24 ,125.1 ,145.7 ,
04/28/2021,   38 ,   61 , 1318 , 0.00 ,124.1 ,144.0 ,
04/29/2021,   45 ,   68 , 1753 , 0.00 ,122.6 ,142.5 ,
04/30/2021,   52 ,   79 , 2740 , 0.00 ,117.8 ,137.6 ,
05/01/2021,   56 ,   81 , 3069 , 0.00 ,113.8 ,133.6 ,
05/02/2021,   45 ,   72 , 1902 , 0.08 ,117.9 ,139.3 ,
05/03/2021,   38 ,   51 ,  739 , 0.56 ,121.3 ,146.8 ,
05/04/2021,   36 ,   55 ,  929 , 0.00 ,117.6 ,140.6 ,
05/05/2021,   42 ,   58 ,  937 , 0.01 ,117.6 ,140.7 ,
05/06/2021,   40 ,   61 , 1135 , 0.26 ,119.9 ,143.9 ,
05/07/2021,   41 ,   69 , 1645 , 0.00 ,117.4 ,141.3 ,
05/08/2021,   38 ,   69 , 1572 , 0.00 ,117.3 ,141.2 ,
05/09/2021,   33 ,   46 ,  507 , 0.00 ,117.1 ,140.8 ,
05/10/2021,   32 ,   49 ,  603 , 0.11 ,117.8 ,142.6 ,
05/11/2021,   37 ,   50 ,  638 , 0.07 ,116.4 ,140.1 ,
05/12/2021,   36 ,   55 ,  708 , 0.07 ,117.9 ,143.6 ,
05/13/2021,   40 ,   63 , 1237 , 0.00 ,117.0 ,142.7 ,
05/14/2021,   43 ,   64 , 1200 , 0.21 ,117.7 ,143.7 ,
05/15/2021,   49 ,   65 , 1243 , 0.03 ,117.9 ,143.9 ,
05/16/2021,   46 ,   68 , 1192 , 0.03 ,118.4 ,144.5 ,
05/17/2021,   49 ,   69 , 1451 , 0.00 ,113.8 ,139.9 ,
05/18/2021,   58 ,   77 , 1995 , 0.00 ,110.0 ,136.1 ,
05/19/2021,   57 ,   82 , 2835 , 0.00 ,106.7 ,132.8 ,
05/20/2021,   53 ,   80 , 2552 , 0.00 ,105.7 ,131.7 ,
05/21/2021,   37 ,   81 , 2456 , 0.11 ,109.9 ,137.6 ,
05/22/2021,   34 ,   48 ,  285 , 0.06 ,112.8 ,144.3 ,
05/23/2021,   44 ,   66 ,  785 , 0.14 ,113.9 ,145.8 ,
05/24/2021,   45 ,   68 , 1800 , 0.55 ,116.1 ,148.6 ,
05/25/2021,   54 ,   71 , 2123 , 0.00 ,112.4 ,144.9 ,
05/26/2021,   42 ,   67 , 1445 , 0.00 ,111.8 ,144.3 ,
05/27/2021,   38 ,   49 ,  189 , 0.37 ,118.1 ,157.5 ,
05/28/2021,   32 ,   66 ,  807 , 0.00 ,117.4 ,156.2 ,
05/29/2021,   49 ,   69 , 1185 , 0.00 ,115.7 ,154.6 ,
05/30/2021,   42 ,   67 , 1558 , 0.00 ,112.1 ,150.9 ,
05/31/2021,   48 ,   71 , 1813 , 0.00 ,107.3 ,146.0 ,
06/01/2021,   52 ,   73 , 1912 , 0.09 ,107.4 ,146.2 ,
06/02/2021,   53 ,   76 , 2206 , 0.00 ,105.2 ,144.0 ,
06/03/2021,   63 ,   84 , 2905 , 0.00 , 99.8 ,138.5 ,
06/04/2021,   72 ,   92 , 4049 , 0.00 , 95.1 ,133.7 ,
06/05/2021,   63 ,   92 , 3844 , 0.00 , 91.3 ,129.8 ,
06/06/2021,   60 ,   90 , 3659 , 0.00 , 88.8 ,127.4 ,
06/07/2021,   65 ,   83 , 2813 , 0.00 , 85.0 ,123.5 ,
06/08/2021,   58 ,   93 , 4229 , 0.00 , 83.6 ,122.0 ,
06/09/2021,   62 ,   94 , 4308 , 0.10 , 82.9 ,121.3 ,
06/10/2021,   76 ,   97 , 5321 , 0.00 , 78.6 ,117.0 ,
06/11/2021,   53 ,   95 , 4949 , 0.01 , 76.4 ,114.7 ,
06/12/2021,   50 ,   81 , 3033 , 0.00 , 73.6 ,111.9 ,
06/13/2021,   59 ,   83 , 2659 , 0.00 , 71.5 ,109.8 ,
06/14/2021,   58 ,   87 , 2672 , 0.00 , 70.5 ,108.8 ,
06/15/2021,   64 ,   99 , 5082 , 0.15 , 71.7 ,110.7 ,
06/16/2021,   74 ,  102 , 5909 , 0.00 , 69.5 ,108.6 ,
06/17/2021,   58 ,   87 , 3372 , 0.00 , 67.2 ,106.3 ,
06/18/2021,   57 ,   87 , 3591 , 0.00 , 65.0 ,104.0 ,
06/19/2021,   58 ,   86 , 3564 , 0.00 , 62.9 ,101.8 ,
06/20/2021,   53 ,   88 , 3164 , 0.20 , 65.1 ,105.7 ,
06/21/2021,   52 ,   72 , 2009 , 0.03 , 64.6 ,105.2 ,
06/22/2021,   52 ,   85 , 3164 , 0.00 , 62.3 ,102.9 ,
06/23/2021,   65 ,   96 , 4987 , 0.00 , 60.7 ,101.3 ,
06/24/2021,   58 ,   93 , 4494 , 0.05 , 60.5 ,101.1 ,
06/25/2021,   58 ,   69 , 1379 , 0.69 , 66.4 ,111.0 ,
06/26/2021,   52 ,   70 , 1402 , 0.00 , 67.0 ,112.0 ,
06/27/2021,   59 ,   70 , 1302 , 0.00 , 65.6 ,110.6 ,
06/28/2021,   53 ,   75 , 1867 , 0.03 , 65.8 ,110.9 ,
06/29/2021,   57 ,   81 , 2492 , 0.00 , 64.6 ,109.7 ,
06/30/2021,   67 ,   84 , 2945 , 0.00 , 64.1 ,109.2 ,
07/01/2021,   65 ,   90 , 3755 , 0.00 , 62.4 ,107.5 ,
07/02/2021,   66 ,   92 , 3741 , 0.00 , 58.4 ,103.4 ,
07/03/2021,   73 ,   95 , 4442 , 0.00 , 56.8 ,101.8 ,
07/04/2021,   69 ,   91 , 3527 , 0.06 , 55.6 ,100.6 ,
07/05/2021,   65 ,   93 , 3965 , 0.07 , 54.9 , 99.8 ,
07/06/2021,   61 ,   81 , 2022 , 0.25 , 60.1 ,108.8 ,
07/07/2021,   62 ,   84 , 2189 , 0.00 , 60.9 ,110.1 ,
07/08/2021,   60 ,   86 , 2503 , 0.11 , 64.1 ,115.5 ,
07/09/2021,   64 ,   87 , 3066 , 0.00 , 62.3 ,113.6 ,
07/10/2021,   58 ,   83 , 2659 , 0.09 , 63.6 ,115.8 ,
07/11/2021,   57 ,   87 , 3066 , 0.00 , 62.1 ,114.3 ,
07/12/2021,   68 ,   88 , 3481 , 0.00 , 59.9 ,112.0 ,
07/13/2021,   61 ,   85 , 3205 , 0.00 , 56.1 ,108.2 ,
07/14/2021,   56 ,   75 , 1481 , 1.13 , 60.5 ,115.4 ,
07/15/2021,   58 ,   83 , 2042 , 0.00 , 59.6 ,114.4 ,
07/16/2021,   67 ,   86 , 2461 , 0.00 , 58.0 ,112.8 ,
07/17/2021,   65 ,   89 , 3593 , 0.00 , 56.4 ,111.2 ,
07/18/2021,   68 ,   92 , 3741 , 0.00 , 54.8 ,109.6 ,
07/19/2021,   68 ,   92 , 3895 , 0.00 , 53.5 ,108.2 ,
07/20/2021,   73 ,   96 , 4465 , 0.00 , 50.7 ,105.4 ,
07/21/2021,   71 ,   96 , 4523 , 0.00 , 47.9 ,102.5 ,
07/22/2021,   68 ,   96 , 4117 , 0.04 , 46.6 ,101.3 ,
07/23/2021,   64 ,   83 , 2543 , 0.46 , 49.6 ,106.4 ,
07/24/2021,   62 ,   89 , 3359 , 0.00 , 48.8 ,105.7 ,
07/25/2021,   69 ,   93 , 3859 , 0.00 , 47.9 ,104.7 ,
07/26/2021,   77 ,   96 , 4581 , 0.00 , 46.6 ,103.4 ,
07/27/2021,   72 ,  103 , 6518 , 0.00 , 43.9 ,100.7 ,
07/28/2021,   82 ,  105 , 6916 , 0.00 , 41.0 , 97.7 ,
07/29/2021,   63 ,   94 , 4199 , 0.06 , 42.9 ,101.2 ,
07/30/2021,   56 ,   83 , 2697 , 0.82 , 44.9 ,104.7 ,
07/31/2021,   61 ,   82 , 2238 , 0.00 , 45.1 ,105.1 ,
08/01/2021,   59 ,   84 , 3144 , 0.00 , 44.4 ,104.4 ,
08/02/2021,   64 ,   88 , 3571 , 0.00 , 43.7 ,103.7 ,
08/03/2021,   63 ,   89 , 3639 , 0.00 , 42.4 ,102.3 ,
08/04/2021,   65 ,   89 , 3266 , 0.00 , 42.0 ,102.0 ,
08/05/2021,   69 ,   89 , 3546 , 0.00 , 38.7 , 98.7 ,
08/06/2021,   63 ,   89 , 3499 , 0.00 , 34.0 , 93.9 ,
08/07/2021,   62 ,   83 , 2582 , 0.13 , 34.6 , 95.0 ,
08/08/2021,   65 ,   95 , 4724 , 0.00 , 33.7 , 94.1 ,
08/09/2021,   56 ,   92 , 4203 , 0.00 , 33.5 , 93.9 ,
08/10/2021,   56 ,   87 , 3635 , 0.00 , 32.7 , 93.1 ,
08/11/2021,   59 ,   91 , 4471 , 0.00 , 31.4 , 91.8 ,
08/12/2021,   58 ,   91 , 4123 , 0.00 , 30.0 , 89.6 ,
08/13/2021,   57 ,   81 , 2744 , 0.00 , 30.0 , 86.4 ,
08/14/2021,   66 ,   91 , 3825 , 0.00 , 30.0 , 85.1 ,
08/15/2021,   72 ,   94 , 4744 , 0.00 , 30.0 , 84.3 ,
08/16/2021,   66 ,   97 , 5261 , 0.00 , 30.0 , 83.3 ,
08/17/2021,   71 ,  102 , 6466 , 0.00 , 30.0 , 81.9 ,
08/18/2021,   62 ,  102 , 6466 , 0.00 , 30.0 , 80.9 ,
08/19/2021,   52 ,   76 , 1961 , 0.24 , 30.0 , 83.6 ,
08/20/2021,   52 ,   64 ,  915 , 0.19 , 32.4 , 93.4 ,
08/21/2021,   51 ,   73 , 1662 , 0.02 , 34.0 , 96.6 ,
08/22/2021,   66 ,   78 , 2258 , 0.00 , 34.1 , 96.6 ,
08/23/2021,   57 ,   92 , 4510 , 0.00 , 33.7 , 96.2 ,
08/24/2021,   62 ,   93 , 4547 , 0.00 , 33.5 , 96.0 ,
08/25/2021,   55 ,   83 , 2851 , 0.00 , 33.4 , 96.0 ,
08/26/2021,   55 ,   86 , 3139 , 0.00 , 32.9 , 95.5 ,
08/27/2021,   55 ,   82 , 2499 , 0.15 , 32.2 , 94.7 ,
08/28/2021,   57 ,   87 , 3635 , 0.07 , 32.3 , 94.9 ,
08/29/2021,   47 ,   78 , 2422 , 0.00 , 32.9 , 96.0 ,
08/30/2021,   60 ,   87 , 3329 , 0.00 , 33.2 , 96.6 ,
08/31/2021,   61 ,   90 , 3852 , 0.00 , 33.7 , 97.6 ,
09/01/2021,   70 ,   90 , 4044 , 0.00 , 33.3 , 97.2 ,
09/02/2021,   61 ,   82 , 2760 , 0.00 , 32.4 , 96.3 ,
09/03/2021,   54 ,   73 , 1191 , 0.12 , 32.7 , 96.9 ,
09/04/2021,   48 ,   76 , 2083 , 0.00 , 33.2 , 97.9 ,
09/05/2021,   54 ,   86 , 3691 , 0.00 , 33.3 , 97.9 ,
09/06/2021,   64 ,   93 , 4811 , 0.00 , 32.3 , 97.0 ,
09/07/2021,   52 ,   91 , 4471 , 0.00 , 32.1 , 96.7 ,
09/08/2021,   52 ,   78 , 2553 , 0.00 , 32.1 , 96.8 ,
09/09/2021,   59 ,   87 , 3723 , 0.00 , 30.0 , 94.6 ,
09/10/2021,   62 ,   93 , 4441 , 0.00 , 30.0 , 88.7 ,
09/11/2021,   57 ,   94 , 4635 , 0.00 , 30.0 , 86.6 ,
09/12/2021,   55 ,   80 , 2307 , 0.01 , 30.0 , 88.6 ,
09/13/2021,   57 ,   81 , 2528 , 0.01 , 30.0 , 91.1 ,
09/14/2021,   49 ,   75 , 1985 , 0.01 , 30.0 , 93.4 ,
09/15/2021,   55 ,   86 , 3606 , 0.00 , 30.0 , 93.8 ,
09/16/2021,   57 ,   86 , 3691 , 0.00 , 30.0 , 92.3 ,
09/17/2021,   43 ,   74 , 2206 , 0.00 , 30.0 , 89.8 ,
09/18/2021,   59 ,   91 , 4620 , 0.00 , 30.0 , 87.4 ,
09/19/2021,   69 ,   93 , 4811 , 0.00 , 30.0 , 85.6 ,
09/20/2021,   48 ,   81 , 2708 , 0.15 , 30.0 , 89.7 ,
09/21/2021,   44 ,   65 , 1622 , 0.06 , 30.0 , 92.4 ,
09/22/2021,   52 ,   81 , 3106 , 0.00 , 30.0 , 91.7 ,
09/23/2021,   57 ,   82 , 3208 , 0.00 , 30.0 , 90.3 ,
09/24/2021,   44 ,   76 , 2420 , 0.01 , 30.0 , 90.0 ,
09/25/2021,   46 ,   85 , 3452 , 0.00 , 30.0 , 89.4 ,
09/26/2021,   60 ,   87 , 3810 , 0.00 , 30.0 , 88.4 ,
09/27/2021,   61 ,   90 , 4237 , 0.00 , 30.0 , 86.0 ,
09/28/2021,   68 ,   90 , 4285 , 0.00 , 30.0 , 83.3 ,
09/29/2021,   43 ,   87 , 3766 , 0.30 , 30.2 , 91.6 ,
09/30/2021,   44 ,   63 , 1257 , 0.05 , 32.7 , 96.2 ,
10/01/2021,   46 ,   70 , 1652 , 0.00 , 31.0 , 94.5 ,
10/02/2021,   49 ,   72 , 1956 , 0.00 , 31.0 , 94.5 ,
10/03/2021,   54 ,   79 , 2909 , 0.00 , 30.7 , 94.2 ,
10/04/2021,   58 ,   82 , 3283 , 0.00 , 30.0 , 92.4 ,
10/05/2021,   67 ,   87 , 3985 , 0.00 , 30.0 , 90.3 ,
10/06/2021,   62 ,   88 , 4023 , 0.00 , 30.0 , 87.1 ,
10/07/2021,   57 ,   85 , 3369 , 0.00 , 30.0 , 85.4 ,
10/08/2021,   51 ,   74 , 2178 , 0.00 , 30.0 , 83.9 ,
10/09/2021,   51 ,   68 , 1239 , 0.09 , 30.0 , 90.7 ,
10/10/2021,   44 ,   62 , 1289 , 0.62 , 36.2 ,102.9 ,
10/11/2021,   42 ,   61 , 1263 , 0.00 , 36.6 ,103.5 ,
10/12/2021,   31 ,   54 ,  797 , 0.01 , 38.1 ,107.8 ,
10/13/2021,   28 ,   33 ,   45 , 0.00 , 39.7 ,112.3 ,
10/14/2021,   30 ,   42 ,  435 , 0.27 , 43.1 ,121.1 ,
10/15/2021,   35 ,   45 ,  651 , 0.01 , 43.2 ,121.5 ,
10/16/2021,   41 ,   58 , 1069 , 0.00 , 41.8 ,119.2 ,
10/17/2021,   45 ,   68 , 1823 , 0.00 , 38.2 ,115.5 ,
10/18/2021,   55 ,   70 , 1977 , 0.00 , 37.2 ,114.5 ,
10/19/2021,   36 ,   69 , 1766 , 0.05 , 40.9 ,120.3 ,
10/20/2021,   29 ,   40 ,  193 , 0.41 , 45.7 ,132.1 ,
10/21/2021,   31 ,   66 , 1287 , 0.09 , 46.4 ,133.6 ,
10/22/2021,   42 ,   62 , 1138 , 0.00 , 46.1 ,133.4 ,
10/23/2021,   37 ,   62 , 1100 , 0.00 , 46.8 ,135.1 ,
10/24/2021,   41 ,   56 ,  841 , 0.08 , 49.5 ,141.1 ,
10/25/2021,   40 ,   72 , 1929 , 0.00 , 50.2 ,142.1 ,
10/26/2021,   40 ,   69 , 1693 , 0.01 , 51.1 ,143.3 ,
10/27/2021,   34 ,   54 ,  982 , 0.36 , 53.8 ,149.3 ,
10/28/2021,   38 ,   51 ,  841 , 0.00 , 51.6 ,145.5 ,
10/29/2021,   44 ,   70 , 1777 , 0.00 , 50.2 ,144.2 ,
10/30/2021,   36 ,   71 , 1968 , 0.00 , 50.8 ,144.9 ,
10/31/2021,   27 ,   36 ,  330 , 0.02 , 51.4 ,146.3 ,
11/01/2021,   25 ,   38 ,  442 , 0.00 ,  9.0 , 50.0 ,
11/02/2021,   22 ,   46 ,  644 , 0.00 ,  8.2 , 50.0 ,
11/03/2021,   32 ,   57 , 1079 , 0.00 ,  7.1 , 50.0 ,
11/04/2021,   44 ,   66 , 1483 , 0.00 ,  6.9 , 50.0 ,
11/05/2021,   51 ,   66 , 1592 , 0.00 ,  5.8 , 50.0 ,
11/06/2021,   49 ,   69 , 2008 , 0.00 ,  4.7 , 50.0 ,
11/07/2021,   42 ,   66 , 1701 , 0.00 ,  7.6 , 50.0 ,
11/08/2021,   32 ,   51 ,  688 , 0.30 , 17.1 , 50.0 ,
11/09/2021,   35 ,   60 , 1095 , 0.00 ,  8.1 , 50.0 ,
11/10/2021,   41 ,   57 , 1079 , 0.06 ,  8.1 , 50.0 ,
11/11/2021,   30 ,   45 ,  671 , 0.00 ,  7.8 , 50.0 ,
11/12/2021,   20 ,   39 ,  589 , 0.00 ,  6.7 , 50.0 ,
11/13/2021,   31 ,   59 , 1210 , 0.00 ,  8.6 , 50.0 ,
11/14/2021,   36 ,   51 ,  790 , 0.00 , 11.1 , 50.0 ,
11/15/2021,   53 ,   68 , 1940 , 0.00 ,  4.5 , 50.0 ,
11/16/2021,   43 ,   67 , 1897 , 0.00 ,  6.9 , 50.0 ,
11/17/2021,   25 ,   41 ,  680 , 0.00 ,  7.1 , 50.0 ,
11/18/2021,   24 ,   45 ,  813 , 0.00 ,  5.4 , 50.0 ,
11/19/2021,   34 ,   55 , 1284 , 0.00 ,  4.1 , 50.0 ,
11/20/2021,   35 ,   52 , 1097 , 0.00 , 23.4 , 50.0 ,
11/21/2021,   30 ,   43 ,  584 , 0.00 ,  8.3 , 50.0 ,
11/22/2021,   35 ,   58 , 1316 , 0.00 ,  5.2 , 50.0 ,
11/23/2021,   43 ,   60 , 1554 , 0.00 ,  3.9 , 50.0 ,
11/24/2021,   24 ,   59 , 1483 , 0.01 , 10.2 , 50.0 ,
11/25/2021,   22 ,   49 ,  899 , 0.00 ,  6.3 , 50.0 ,
11/26/2021,   48 ,   60 , 1307 , 0.00 ,  5.9 , 50.0 ,
11/27/2021,   40 ,   61 , 1391 , 0.00 ,  9.0 , 50.0 ,
11/28/2021,   35 ,   60 , 1289 , 0.00 ,  6.4 , 50.0 ,
11/29/2021,   55 ,   62 , 1498 , 0.00 ,  6.3 , 50.0 ,
11/30/2021,   38 ,   58 , 1118 , 0.09 ,  8.5 , 50.0 ,
12/01/2021,   47 ,   68 , 1823 , 0.00 ,  5.3 , 50.0 ,
12/02/2021,   62 ,   69 , 1838 , 0.00 ,  5.5 , 50.0 ,
12/03/2021,   37 ,   69 , 1838 , 0.00 , 12.9 , 50.0 ,
12/04/2021,   24 ,   40 ,  235 , 0.00 , 16.2 , 50.0 ,
12/05/2021,   24 ,   47 ,  647 , 0.00 , 10.9 , 50.0 ,
12/06/2021,    6 ,   24 ,  220 , 0.00 , 10.4 , 50.0 ,
12/07/2021,   16 ,   35 ,  344 , 0.00 , 11.0 , 50.0 ,
12/08/2021,   34 ,   53 ,  974 , 0.00 ,  6.8 , 50.0 ,
12/09/2021,   28 ,   51 ,  892 , 0.01 ,  9.8 , 50.0 ,
12/10/2021,   24 ,   32 ,  318 , 0.00 , 20.3 , 50.0 ,
12/11/2021,   23 ,   36 ,  495 , 0.02 ,  7.8 , 50.0 ,
12/12/2021,   33 ,   47 ,  757 , 0.00 ,  7.1 , 50.0 ,
12/13/2021,   39 ,   57 , 1301 , 0.00 ,  5.0 , 50.0 ,
12/14/2021,   51 ,   60 , 1431 , 0.00 ,  4.9 , 50.0 ,
12/15/2021,   16 ,   59 , 1381 , 0.00 , 14.8 , 50.0 ,
12/16/2021,   18 ,   35 ,  523 , 0.00 ,  6.6 , 50.0 ,
12/17/2021,   10 ,   36 ,  509 , 0.00 , 16.8 , 50.0 ,
12/18/2021,    4 ,   33 ,  477 , 0.00 ,  8.1 , 50.0 ,
12/19/2021,   26 ,   52 , 1044 , 0.00 ,  5.4 , 50.0 ,
12/20/2021,   11 ,   52 , 1031 , 0.00 , 19.5 , 50.0 ,
12/21/2021,   17 ,   45 ,  702 , 0.01 ,  8.5 , 50.0 ,
12/22/2021,   35 ,   54 , 1024 , 0.00 ,  6.7 , 50.0 ,
12/23/2021,   39 ,   53 , 1166 , 0.00 ,  6.2 , 50.0 ,
12/24/2021,   32 ,   52 ,  938 , 0.00 , 10.7 , 50.0 ,
12/25/2021,   15 ,   36 ,  308 , 0.02 , 12.3 , 50.0 ,
12/26/2021,   12 ,   33 ,  292 , 0.01 , 17.6 , 50.0 ,
12/27/2021,   -3 ,   26 ,  248 , 0.00 , 12.2 , 50.0 ,
12/28/2021,   -6 ,   19 ,  163 , 0.00 , 11.2 , 50.0 ,
12/29/2021,    4 ,   20 ,  208 , 0.00 , 15.9 , 50.0 ,
12/30/2021,   -6 ,   30 ,  304 , 0.04 ,  9.7 , 50.0 ,
12/31/2021,   -4 ,   27 ,  269 , 0.00 , 13.2 , 50.0 ,
01/01/2022,   -7 ,   10 ,   98 , 0.00 , 11.7 , 50.0 ,
01/02/2022,    6 ,   44 ,  754 , 0.01 ,  6.1 , 50.0 ,
01/03/2022,   30 ,   51 , 1006 , 0.00 ,  6.9 , 50.0 ,
01/04/2022,    8 ,   45 ,  803 , 0.00 , 14.7 , 50.0 ,
01/05/2022,  -13 ,    6 ,   90 , 0.00 , 10.8 , 50.0 ,
01/06/2022,  -15 ,    2 ,   76 , 0.00 , 11.7 , 50.0 ,
01/07/2022,    1 ,   48 ,  706 , 0.00 ,  8.0 , 50.0 ,
01/08/2022,   30 ,   51 ,  892 , 0.00 , 10.2 , 50.0 ,
01/09/2022,   14 ,   39 ,  597 , 0.00 ,  6.5 , 50.0 ,
01/10/2022,   33 ,   58 , 1464 , 0.00 ,  4.0 , 50.0 ,
01/11/2022,   41 ,   60 , 1590 , 0.00 ,  4.8 , 50.0 ,
01/12/2022,   45 ,   53 , 1179 , 0.00 ,  6.7 , 50.0 ,
01/13/2022,   43 ,   54 ,  939 , 0.00 ,  8.4 , 50.0 ,
01/14/2022,   26 ,   55 ,  974 , 0.00 , 18.0 , 50.0 ,
01/15/2022,   20 ,   52 , 1084 , 0.00 ,  5.6 , 50.0 ,
01/16/2022,   31 ,   51 , 1095 , 0.00 ,  9.2 , 50.0 ,
01/17/2022,   33 ,   52 ,  886 , 0.00 ,  6.9 , 50.0 ,
01/18/2022,   29 ,   53 , 1015 , 0.00 , 14.3 , 50.0 ,
01/19/2022,    1 ,   24 ,  246 , 0.00 ,  9.4 , 50.0 ,
01/20/2022,   -2 ,   35 ,  413 , 0.00 ,  8.6 , 50.0 ,
01/21/2022,   26 ,   41 ,  593 , 0.07 , 11.2 , 50.0 ,
01/22/2022,   31 ,   41 ,  541 , 0.00 ,  8.9 , 50.0 ,
01/23/2022,   39 ,   48 ,  740 , 0.00 ,  7.6 , 50.0 ,
01/24/2022,   27 ,   47 ,  768 , 0.00 , 22.5 , 50.0 ,
01/25/2022,   12 ,   28 ,  166 , 0.03 , 13.3 , 50.0 ,
01/26/2022,   15 ,   37 ,  507 , 0.10 ,  9.2 , 50.0 ,
01/27/2022,   25 ,   36 ,  351 , 0.00 , 15.0 , 50.0 ,
01/28/2022,   25 ,   44 ,  773 , 0.00 ,  5.9 , 50.0 ,
01/29/2022,   43 ,   48 ,  968 , 0.00 ,  4.7 , 50.0 ,
01/30/2022,   36 ,   50 , 1043 , 0.00 ,  5.5 , 50.0 ,
01/31/2022,   36 ,   52 , 1123 , 0.00 ,  6.2 , 50.0 ,
02/01/2022,   10 ,   41 ,  480 , 0.00 ,  9.1 , 50.0 ,
02/02/2022,   -3 ,   17 ,  189 , 0.00 , 13.0 , 50.0 ,
02/03/2022,   -8 ,   26 ,  315 , 0.00 ,  8.2 , 50.0 ,
02/04/2022,   12 ,   37 ,  500 , 0.00 ,  8.9 , 50.0 ,
02/05/2022,   39 ,   44 ,  685 , 0.00 ,  7.3 , 50.0 ,
02/06/2022,   29 ,   44 ,  626 , 0.00 ,  9.2 , 50.0 ,
02/07/2022,   37 ,   54 , 1209 , 0.00 ,  4.7 , 50.0 ,
02/08/2022,   38 ,   55 , 1254 , 0.00 ,  6.2 , 50.0 ,
02/09/2022,   32 ,   45 ,  742 , 0.00 , 20.5 , 50.0 ,
02/10/2022,   32 ,   55 ,  959 , 0.05 ,  7.6 , 50.0 ,
02/11/2022,   22 ,   55 ,  974 , 0.00 , 17.6 , 50.0 ,
02/12/2022,   19 ,   35 ,  482 , 0.00 ,  7.7 , 50.0 ,
02/13/2022,   24 ,   48 ,  831 , 0.00 ,  6.6 , 50.0 ,
02/14/2022,   24 ,   47 ,  746 , 0.00 , 10.6 , 50.0 ,
02/15/2022,   26 ,   51 ,  879 , 0.00 , 10.3 , 50.0 ,
02/16/2022,   21 ,   42 ,  453 , 0.01 , 16.8 , 50.0 ,
02/17/2022,    6 ,   36 ,  480 , 0.02 ,  7.7 , 50.0 ,
02/18/2022,   32 ,   40 ,  562 , 0.00 , 16.4 , 50.0 ,
02/19/2022,   20 ,   53 ,  987 , 0.05 ,  6.7 , 50.0 ,
02/20/2022,   39 ,   53 ,  974 , 0.00 ,  8.3 , 50.0 ,
02/21/2022,   -7 ,   46 ,  581 , 0.00 , 13.6 , 50.0 ,
02/22/2022,  -14 ,   -5 ,   44 , 0.00 , 12.8 , 50.0 ,
02/23/2022,  -18 ,   -2 ,   55 , 0.00 , 12.5 , 50.0 ,
02/24/2022,   -6 ,   12 ,  102 , 0.02 , 11.9 , 50.0 ,
02/25/2022,    1 ,   24 ,  250 , 0.00 ,  9.1 , 50.0 ,
02/26/2022,   19 ,   34 ,  463 , 0.00 ,  7.0 , 50.0 ,
02/27/2022,   30 ,   54 , 1223 , 0.00 ,  4.6 , 50.0 ,
02/28/2022,   43 ,   56 , 1331 , 0.00 ,  5.2 , 50.0 ,
03/01/2022,   48 ,   63 , 1532 , 0.00 ,  6.6 , 50.0 ,
03/02/2022,   46 ,   60 , 1236 , 0.00 ,  6.6 , 50.0 ,
03/03/2022,   25 ,   60 , 1219 , 0.00 , 15.3 , 50.0 ,
03/04/2022,   23 ,   40 ,  294 , 0.00 , 25.2 , 50.0 ,
03/05/2022,   15 ,   29 ,   81 , 0.00 , 20.0 , 50.0 ,
03/06/2022,   13 ,   20 ,  208 , 0.00 , 10.6 , 50.0 ,
03/07/2022,   14 ,   35 ,  468 , 0.00 ,  7.4 , 50.0 ,
03/08/2022,   17 ,   35 ,  468 , 0.00 , 13.1 , 50.0 ,
03/09/2022,    3 ,   17 ,  166 , 0.00 , 11.5 , 50.0 ,
03/10/2022,    1 ,   22 ,  303 , 0.00 ,  6.8 , 50.0 ,
03/11/2022,    4 ,   24 ,  334 , 0.00 ,  9.2 , 50.0 ,
03/12/2022,   14 ,   51 ,  853 , 0.00 ,  7.3 , 50.0 ,
03/13/2022,   33 ,   53 ,  974 , 0.00 ,  7.8 , 50.0 ,
03/14/2022,   30 ,   51 ,  777 , 0.07 ,  8.0 , 50.0 ,
03/15/2022,   37 ,   64 , 1587 , 0.00 ,  5.1 , 50.0 ,
03/16/2022,   42 ,   65 , 1643 , 0.00 ,  6.9 , 50.0 ,
03/17/2022,   33 ,   49 ,  851 , 0.00 ,  6.0 , 50.0 ,
03/18/2022,   31 ,   53 , 1124 , 0.00 ,  5.0 , 50.0 ,
03/19/2022,   35 ,   58 , 1348 , 0.00 ,  4.7 , 50.0 ,
03/20/2022,   46 ,   65 , 1748 , 0.00 ,  4.4 , 50.0 ,
03/21/2022,   29 ,   66 , 1832 , 0.01 ,  7.7 , 50.0 ,
03/22/2022,   34 ,   43 ,  669 , 0.00 ,  8.0 , 50.0 ,
03/23/2022,   28 ,   50 , 1019 , 0.00 ,  4.8 , 50.0 ,
03/24/2022,   36 ,   61 , 1537 , 0.00 ,  6.4 , 50.0 ,
03/25/2022,   30 ,   57 , 1269 , 0.00 ,  5.0 , 50.0 ,
03/26/2022,   24 ,   50 ,  982 , 0.00 ,  6.6 , 50.0 ,
03/27/2022,   27 ,   57 , 1158 , 0.00 ,  6.0 , 50.0 ,
03/28/2022,   41 ,   67 , 1693 , 0.00 ,  5.4 , 50.0 ,
03/29/2022,   29 ,   69 , 1983 , 0.06 , 21.9 , 50.0 ,
03/30/2022,   22 ,   32 ,  153 , 0.07 , 13.1 , 50.0 ,
03/31/2022,   24 ,   51 ,  917 , 0.00 ,  7.4 , 50.0 ,
04/01/2022,   31 ,   53 ,  905 , 0.19 , 15.5 , 50.0 ,
04/02/2022,   33 ,   53 , 1015 , 0.00 ,  6.3 , 50.0 ,
04/03/2022,   36 ,   56 , 1086 , 0.00 ,  8.1 , 50.0 ,
04/04/2022,   33 ,   62 , 1650 , 0.00 ,  4.4 , 50.0 ,
04/05/2022,   30 ,   61 , 1574 , 0.17 , 12.2 , 50.0 ,
04/06/2022,   29 ,   39 ,  532 , 0.00 , 17.4 , 50.0 ,
04/07/2022,   30 ,   38 ,  380 , 0.00 , 10.7 , 50.0 ,
04/08/2022,   24 ,   54 , 1095 , 0.00 ,  5.8 , 50.0 ,
04/09/2022,   45 ,   59 , 1346 , 0.00 , 10.0 , 50.0 ,
04/10/2022,   33 ,   47 ,  746 , 0.00 , 12.6 , 50.0 ,
04/11/2022,   24 ,   45 ,  508 , 0.12 ,  9.2 , 50.0 ,
04/12/2022,   21 ,   44 ,  509 , 0.00 , 21.9 , 50.0 ,
04/13/2022,   10 ,   20 ,  148 , 0.00 , 12.5 , 50.0 ,
04/14/2022,   12 ,   26 ,  244 , 0.00 , 10.0 , 50.0 ,
04/15/2022,   15 ,   27 ,  249 , 0.01 , 26.8 , 59.7 ,
04/16/2022,   13 ,   40 ,  486 , 0.00 , 37.8 , 69.8 ,
04/17/2022,   36 ,   48 ,  740 , 0.00 , 52.1 , 79.9 ,
04/18/2022,   24 ,   49 ,  910 , 0.00 , 64.5 , 88.1 ,
04/19/2022,   35 ,   58 , 1233 , 0.00 , 77.5 , 95.3 ,
04/20/2022,   36 ,   58 , 1184 , 0.09 , 92.3 ,105.9 ,
04/21/2022,   29 ,   60 , 1307 , 0.00 ,112.4 ,113.8 ,
04/22/2022,   40 ,   66 , 1592 , 0.00 ,111.2 ,112.6 ,
04/23/2022,   28 ,   60 ,  813 , 0.96 ,116.1 ,125.1 ,
04/24/2022,   28 ,   36 ,  251 , 0.01 ,117.6 ,128.9 ,
04/25/2022,   31 ,   53 ,  905 , 0.00 ,116.4 ,126.9 ,
04/26/2022,   41 ,   57 , 1095 , 0.00 ,115.2 ,124.7 ,
04/27/2022,   30 ,   60 , 1219 , 0.00 ,114.0 ,122.8 ,
04/28/2022,   36 ,   59 ,  989 , 0.00 ,114.3 ,123.5 ,
04/29/2022,   41 ,   57 ,  698 , 0.56 ,116.8 ,129.8 ,
04/30/2022,   33 ,   46 ,  433 , 0.70 ,122.7 ,143.2 ,
05/01/2022,   33 ,   53 ,  878 , 0.00 ,122.7 ,143.1 ,
05/02/2022,   40 ,   53 ,  864 , 0.00 ,122.1 ,142.1 ,
05/03/2022,   34 ,   64 , 1607 , 0.00 ,121.4 ,140.9 ,
05/04/2022,   41 ,   63 , 1493 , 0.01 ,120.2 ,139.7 ,
05/05/2022,   41 ,   65 , 1116 , 0.00 ,120.5 ,140.1 ,
05/06/2022,   54 ,   72 , 1848 , 0.00 ,116.9 ,136.5 ,
05/07/2022,   56 ,   74 , 2264 , 0.00 ,107.8 ,127.3 ,
05/08/2022,   42 ,   70 , 2152 , 0.00 ,105.7 ,125.1 ,
05/09/2022,   42 ,   65 , 1685 , 0.12 ,110.4 ,131.9 ,
05/10/2022,   40 ,   62 , 1384 , 0.01 ,110.3 ,131.9 ,
05/11/2022,   51 ,   66 , 1592 , 0.00 ,108.1 ,129.6 ,
05/12/2022,   44 ,   62 ,  796 , 0.37 ,113.5 ,137.3 ,
05/13/2022,   42 ,   63 , 1453 , 0.38 ,117.7 ,143.1 ,
05/14/2022,   40 ,   64 , 1627 , 0.00 ,112.0 ,137.3 ,
05/15/2022,   47 ,   64 , 1505 , 0.02 ,112.3 ,137.8 ,
05/16/2022,   46 ,   75 , 2104 , 0.00 ,108.9 ,134.3 ,
05/17/2022,   56 ,   76 , 2052 , 0.01 ,108.9 ,134.3 ,
05/18/2022,   51 ,   70 , 1677 , 0.00 ,107.8 ,133.1 ,
05/19/2022,   39 ,   67 , 1535 , 0.02 ,107.5 ,132.8 ,
05/20/2022,   31 ,   45 ,  519 , 0.05 ,107.8 ,133.5 ,
05/21/2022,   32 ,   42 ,  344 , 0.16 ,111.7 ,142.6 ,
05/22/2022,   28 ,   56 ,  796 , 0.08 ,113.5 ,146.6 ,
05/23/2022,   41 ,   57 ,  999 , 0.00 ,112.5 ,144.9 ,
05/24/2022,   39 ,   60 , 1007 , 0.07 ,113.3 ,146.7 ,
05/25/2022,   43 ,   67 , 1445 , 0.00 ,112.4 ,145.8 ,
05/26/2022,   53 ,   74 , 1920 , 0.00 ,108.9 ,142.1 ,
05/27/2022,   54 ,   87 , 3591 , 0.00 ,104.1 ,137.3 ,
05/28/2022,   55 ,   84 , 3144 , 0.01 , 98.3 ,131.4 ,
05/29/2022,   48 ,   76 , 1991 , 0.00 , 97.6 ,130.7 ,
05/30/2022,   50 ,   65 , 1053 , 0.27 ,102.4 ,137.5 ,
05/31/2022,   44 ,   49 ,  331 , 1.29 ,113.9 ,161.3 ,
06/01/2022,   40 ,   62 , 1327 , 0.00 ,113.0 ,160.3 ,
06/02/2022,   42 ,   64 , 1424 , 0.00 ,110.6 ,157.9 ,
06/03/2022,   51 ,   68 , 1543 , 0.00 ,107.6 ,154.8 ,
06/04/2022,   50 ,   69 , 1064 , 0.00 ,105.1 ,152.3 ,
06/05/2022,   54 ,   69 , 1088 , 0.34 ,109.5 ,157.8 ,
06/06/2022,   52 ,   68 , 1052 , 0.38 ,111.3 ,160.1 ,
06/07/2022,   45 ,   66 , 1112 , 0.62 ,109.8 ,158.6 ,
06/08/2022,   47 ,   64 ,  834 , 0.23 ,113.2 ,162.8 ,
06/09/2022,   52 ,   73 , 1552 , 0.00 ,112.7 ,162.2 ,
06/10/2022,   53 ,   79 , 1793 , 0.00 ,111.8 ,161.3 ,
06/11/2022,   58 ,   81 , 2167 , 0.00 ,108.4 ,157.8 ,
06/12/2022,   56 ,   78 , 1538 , 0.29 ,109.5 ,159.2 ,
06/13/2022,   55 ,   76 , 1225 , 0.32 ,110.1 ,160.0 ,
06/14/2022,   48 ,   78 , 1964 , 0.66 ,112.1 ,162.4 ,
06/15/2022,   47 ,   69 , 1862 , 0.00 ,110.5 ,160.8 ,
06/16/2022,   55 ,   74 , 2206 , 0.00 ,108.4 ,158.7 ,
06/17/2022,   60 ,   89 , 3033 , 0.00 ,106.9 ,157.2 ,
06/18/2022,   66 ,   92 , 4049 , 0.13 ,104.5 ,154.7 ,
06/19/2022,   72 ,   92 , 4049 , 0.00 , 99.4 ,149.6 ,
06/20/2022,   56 ,   88 , 3391 , 0.07 , 99.0 ,149.1 ,
06/21/2022,   50 ,   69 , 1379 , 0.21 , 94.5 ,144.6 ,
06/22/2022,   50 ,   77 , 1868 , 0.00 , 93.9 ,144.0 ,
06/23/2022,   58 ,   83 , 2813 , 0.00 , 92.8 ,142.8 ,
06/24/2022,   68 ,   84 , 2984 , 0.00 , 91.0 ,141.1 ,
06/25/2022,   46 ,   74 , 1547 , 0.27 , 96.5 ,148.3 ,
06/26/2022,   49 ,   70 , 1627 , 0.00 , 93.9 ,145.7 ,
06/27/2022,   55 ,   80 , 2691 , 0.00 , 88.8 ,140.5 ,
06/28/2022,   53 ,   86 , 3139 , 0.00 , 80.9 ,132.5 ,
06/29/2022,   71 ,   94 , 4526 , 0.03 , 79.6 ,131.2 ,
06/30/2022,   58 ,   83 , 2697 , 0.01 , 80.2 ,132.1 ,
07/01/2022,   55 ,   82 , 2574 , 0.00 , 79.5 ,131.4 ,
07/02/2022,   56 ,   83 , 2582 , 0.32 , 78.9 ,130.7 ,
07/03/2022,   61 ,   83 , 2659 , 0.02 , 78.5 ,130.4 ,
07/04/2022,   62 ,   84 , 2427 , 0.05 , 77.8 ,129.6 ,
07/05/2022,   60 ,   81 , 1661 , 0.03 , 75.8 ,127.6 ,
07/06/2022,   61 ,   83 , 2042 , 0.06 , 76.9 ,129.3 ,
07/07/2022,   62 ,   76 , 1562 , 0.00 , 77.3 ,129.9 ,
07/08/2022,   61 ,   85 , 2342 , 0.00 , 77.9 ,130.8 ,
07/09/2022,   70 ,   90 , 3418 , 0.00 , 73.5 ,126.3 ,
07/10/2022,   68 ,   94 , 4580 , 0.00 , 71.7 ,124.5 ,
07/11/2022,   56 ,   88 , 3481 , 1.11 , 73.5 ,127.1 ,
07/12/2022,   55 ,   81 , 2347 , 0.00 , 69.2 ,122.8 ,
07/13/2022,   62 ,   88 , 2712 , 0.00 , 68.2 ,121.8 ,
07/14/2022,   69 ,   91 , 3626 , 0.00 , 66.7 ,120.3 ,
07/15/2022,   69 ,   92 , 3895 , 0.00 , 65.6 ,119.1 ,
07/16/2022,   67 ,   90 , 3226 , 0.00 , 62.8 ,116.3 ,
07/17/2022,   69 ,   97 , 4902 , 0.00 , 61.0 ,114.5 ,
07/18/2022,   83 ,   99 , 5273 , 0.00 , 56.3 ,109.7 ,
07/19/2022,   63 ,   98 , 5177 , 0.00 , 52.2 ,105.5 ,
07/20/2022,   60 ,   89 , 3966 , 0.00 , 50.4 ,103.8 ,
07/21/2022,   62 ,   92 , 4305 , 0.00 , 49.1 ,102.5 ,
07/22/2022,   62 ,   94 , 4689 , 0.00 , 47.7 ,101.1 ,
07/23/2022,   67 ,   98 , 5547 , 0.00 , 44.6 , 97.8 ,
07/24/2022,   60 ,   86 , 3224 , 0.02 , 45.6 , 99.7 ,
07/25/2022,   60 ,   86 , 2630 , 0.46 , 46.7 ,101.7 ,
07/26/2022,   59 ,   82 , 2089 , 0.00 , 46.0 ,101.0 ,
07/27/2022,   58 ,   82 , 2649 , 0.00 , 45.8 ,100.8 ,
07/28/2022,   50 ,   81 , 2672 , 0.00 , 46.1 ,101.3 ,
07/29/2022,   57 ,   84 , 3024 , 0.00 , 46.1 ,101.4 ,
07/30/2022,   68 ,   95 , 4667 , 0.00 , 44.3 , 99.5 ,
07/31/2022,   64 ,   96 , 4871 , 0.00 , 42.4 , 97.6 ,
08/01/2022,   66 ,   97 , 5141 , 0.00 , 38.7 , 93.9 ,
08/02/2022,   70 ,   98 , 5547 , 0.00 , 35.3 , 90.4 ,
08/03/2022,   60 ,   87 , 3416 , 0.00 , 34.4 , 89.5 ,
08/04/2022,   72 ,   96 , 4581 , 0.00 , 33.3 , 88.4 ,
08/05/2022,   78 ,   98 , 5300 , 0.00 , 32.1 , 87.1 ,
08/06/2022,   60 ,   96 , 4639 , 0.00 , 31.3 , 86.4 ,
08/07/2022,   51 ,   74 , 1433 , 0.51 , 33.2 , 90.2 ,
08/08/2022,   56 ,   87 , 3153 , 0.00 , 31.7 , 88.6 ,
08/09/2022,   69 ,   94 , 4580 , 0.00 , 30.0 , 86.9 ,
08/10/2022,   69 ,   94 , 4580 , 0.00 , 30.0 , 85.9 ,
08/11/2022,   78 ,   97 , 4663 , 0.00 , 30.0 , 85.4 ,
08/12/2022,   73 ,  100 , 5369 , 0.00 , 30.0 , 85.2 ,
08/13/2022,   72 ,   92 , 3844 , 0.00 , 30.0 , 84.2 ,
08/14/2022,   65 ,   86 , 3012 , 0.00 , 30.0 , 83.0 ,
08/15/2022,   68 ,   87 , 3022 , 0.00 , 30.0 , 81.9 ,
08/16/2022,   60 ,   87 , 3416 , 0.00 , 30.0 , 81.8 ,
08/17/2022,   66 ,   91 , 4074 , 0.00 , 30.0 , 81.1 ,
08/18/2022,   69 ,   84 , 3024 , 0.02 , 30.0 , 81.7 ,
08/19/2022,   54 ,   83 , 2890 , 0.00 , 30.0 , 82.5 ,
08/20/2022,   52 ,   83 , 2736 , 0.00 , 30.0 , 83.0 ,
08/21/2022,   69 ,   90 , 3659 , 0.00 , 30.0 , 81.2 ,
08/22/2022,   68 ,   94 , 4526 , 0.00 , 30.0 , 79.5 ,
08/23/2022,   68 ,   93 , 4388 , 0.01 , 30.0 , 80.3 ,
08/24/2022,   57 ,   83 , 2543 , 0.00 , 30.0 , 81.5 ,
08/25/2022,   55 ,   81 , 2167 , 0.09 , 30.0 , 86.7 ,
08/26/2022,   57 ,   82 , 1791 , 0.20 , 33.6 , 94.7 ,
08/27/2022,   55 ,   89 , 3546 , 0.22 , 36.4 , 99.8 ,
08/28/2022,   59 ,   87 , 3285 , 0.00 , 35.4 , 98.8 ,
08/29/2022,   55 ,   79 , 2537 , 0.00 , 34.7 , 98.1 ,
08/30/2022,   56 ,   87 , 3372 , 0.00 , 33.8 , 97.2 ,
08/31/2022,   63 ,   91 , 4123 , 0.00 , 33.0 , 96.4 ,
09/01/2022,   70 ,   96 , 5103 , 0.00 , 30.2 , 93.6 ,
09/02/2022,   64 ,   95 , 5005 , 0.00 , 30.0 , 90.2 ,
09/03/2022,   61 ,   91 , 3825 , 0.00 , 30.0 , 87.9 ,
09/04/2022,   74 ,   99 , 5590 , 0.00 , 30.0 , 86.2 ,
09/05/2022,   65 ,  100 , 5762 , 0.00 , 30.0 , 84.9 ,
09/06/2022,   65 ,   94 , 4744 , 0.00 , 30.0 , 83.5 ,
09/07/2022,   66 ,  101 , 6207 , 0.00 , 30.0 , 82.4 ,
09/08/2022,   73 ,  102 , 6466 , 0.00 , 30.0 , 80.1 ,
09/09/2022,   46 ,   75 , 2044 , 0.85 , 40.8 ,106.1 ,
09/10/2022,   41 ,   64 , 1261 , 0.00 , 41.0 ,106.5 ,
09/11/2022,   50 ,   73 , 1967 , 0.00 , 41.2 ,106.8 ,
09/12/2022,   52 ,   83 , 3275 , 0.00 , 41.2 ,106.8 ,
09/13/2022,   53 ,   82 , 3059 , 0.00 , 41.0 ,106.6 ,
09/14/2022,   61 ,   79 , 2774 , 0.00 , 40.9 ,106.5 ,
09/15/2022,   53 ,   82 , 2537 , 0.07 , 42.8 ,109.7 ,
09/16/2022,   52 ,   71 , 1295 , 0.00 , 36.9 ,103.7 ,
09/17/2022,   53 ,   71 , 1735 , 0.27 , 39.9 ,108.9 ,
09/18/2022,   55 ,   77 , 2122 , 0.00 , 40.2 ,109.4 ,
09/19/2022,   64 ,   87 , 3854 , 0.00 , 40.0 ,109.2 ,
09/20/2022,   55 ,   88 , 4069 , 0.00 , 39.7 ,108.9 ,
09/21/2022,   43 ,   69 , 1355 , 0.16 , 43.4 ,115.0 ,
09/22/2022,   48 ,   69 , 1379 , 0.00 , 43.6 ,115.2 ,
09/23/2022,   48 ,   68 , 1402 , 0.00 , 38.8 ,110.4 ,
09/24/2022,   57 ,   68 , 1636 , 0.00 , 35.5 ,107.0 ,
09/25/2022,   49 ,   69 , 1693 , 0.00 , 35.4 ,107.0 ,
09/26/2022,   47 ,   75 , 2193 , 0.00 , 35.5 ,107.1 ,
09/27/2022,   49 ,   77 , 2438 , 0.00 , 35.6 ,107.3 ,
09/28/2022,   58 ,   79 , 2435 , 0.00 , 34.0 ,105.6 ,
09/29/2022,   68 ,   86 , 3733 , 0.00 , 31.6 ,103.2 ,
09/30/2022,   57 ,   84 , 3183 , 0.03 , 30.0 , 98.8 ,
10/01/2022,   51 ,   71 , 1476 , 0.20 , 30.0 ,103.8 ,
10/02/2022,   51 ,   71 , 1088 , 0.00 , 31.9 ,107.1 ,
10/03/2022,   46 ,   72 , 1286 , 0.08 , 34.9 ,112.0 ,
10/04/2022,   47 ,   64 ,  875 , 0.02 , 38.0 ,117.1 ,
10/05/2022,   50 ,   71 , 1761 , 0.00 , 38.1 ,117.3 ,
10/06/2022,   37 ,   72 , 1875 , 0.01 , 40.3 ,120.7 ,
10/07/2022,   34 ,   52 ,  383 , 0.06 , 40.8 ,122.0 ,
10/08/2022,   39 ,   64 , 1261 , 0.00 , 39.9 ,121.1 ,
10/09/2022,   44 ,   69 , 1766 , 0.00 , 39.3 ,120.5 ,
10/10/2022,   51 ,   73 , 2050 , 0.00 , 38.0 ,119.1 ,
10/11/2022,   49 ,   75 , 2370 , 0.01 , 38.2 ,119.6 ,
10/12/2022,   35 ,   54 , 1053 , 0.02 , 39.1 ,121.7 ,
10/13/2022,   39 ,   52 ,  952 , 0.00 , 38.2 ,120.3 ,
10/14/2022,   50 ,   60 , 1254 , 0.00 , 33.0 ,115.0 ,
10/15/2022,   48 ,   60 , 1148 , 0.00 , 30.9 ,112.9 ,
10/16/2022,   38 ,   51 ,  930 , 0.02 , 32.2 ,116.3 ,
10/17/2022,   37 ,   63 , 1512 , 0.00 , 32.0 ,116.1 ,
10/18/2022,   38 ,   65 , 1475 , 0.00 , 31.5 ,115.5 ,
10/19/2022,   46 ,   68 , 1800 , 0.00 , 30.0 ,113.9 ,
10/20/2022,   55 ,   77 , 2850 , 0.00 , 30.0 ,111.8 ,
10/21/2022,   45 ,   77 , 2882 , 0.00 , 30.0 ,107.9 ,
10/22/2022,   41 ,   73 , 2411 , 0.00 , 30.0 ,106.5 ,
10/23/2022,   39 ,   60 , 1236 , 0.00 , 30.0 ,106.0 ,
10/24/2022,   28 ,   38 ,  310 , 0.05 , 30.0 ,112.6 ,
10/25/2022,   36 ,   47 ,  658 , 0.00 , 30.0 ,111.9 ,
10/26/2022,   33 ,   52 ,  991 , 0.00 , 30.0 ,111.1 ,
10/27/2022,   35 ,   54 ,  967 , 0.01 , 30.0 ,113.8 ,
10/28/2022,   37 ,   65 , 1791 , 0.00 , 30.0 ,111.3 ,
10/29/2022,   43 ,   65 , 1748 , 0.00 , 30.0 ,108.5 ,
10/30/2022,   36 ,   64 , 1648 , 0.00 , 30.0 ,106.5 ,
10/31/2022,   39 ,   66 , 1810 , 0.00 , 30.0 ,103.0 ,
11/01/2022,   46 ,   69 , 1935 , 0.00 , 30.0 ,101.5 ,
11/02/2022,   60 ,   70 , 2152 , 0.00 , 30.0 , 99.3 ,
11/03/2022,   25 ,   69 , 2080 , 0.00 , 15.2 , 50.0 ,
11/04/2022,   21 ,   46 ,  813 , 0.00 ,  5.7 , 50.0 ,
11/05/2022,   35 ,   56 , 1178 , 0.00 ,  6.3 , 50.0 ,
11/06/2022,   32 ,   56 , 1163 , 0.07 ,  6.3 , 50.0 ,
11/07/2022,   21 ,   44 ,  705 , 0.00 ,  8.1 , 50.0 ,
11/08/2022,   23 ,   51 ,  777 , 0.00 , 13.9 , 50.0 ,
11/09/2022,   13 ,   25 ,  105 , 0.00 , 21.2 , 50.0 ,
11/10/2022,    8 ,   17 ,   65 , 0.00 , 17.3 , 50.0 ,
11/11/2022,    9 ,   29 ,  211 , 0.11 , 11.8 , 50.0 ,
11/12/2022,   14 ,   37 ,  432 , 0.00 ,  8.8 , 50.0 ,
11/13/2022,   18 ,   37 ,  418 , 0.00 ,  9.7 , 50.0 ,
11/14/2022,   21 ,   31 ,  258 , 0.00 , 16.7 , 50.0 ,
11/15/2022,   18 ,   28 ,  104 , 0.00 , 21.1 , 50.0 ,
11/16/2022,   18 ,   30 ,  118 , 0.00 , 20.3 , 50.0 ,
11/17/2022,   10 ,   29 ,  146 , 0.00 , 14.8 , 50.0 ,
11/18/2022,    3 ,   24 ,  330 , 0.00 ,  6.6 , 50.0 ,
11/19/2022,   18 ,   33 ,  471 , 0.00 ,  8.3 , 50.0 ,
11/20/2022,   31 ,   47 ,  921 , 0.00 ,  4.9 , 50.0 ,
11/21/2022,   37 ,   48 ,  945 , 0.00 ,  5.4 , 50.0 ,
11/22/2022,   32 ,   54 , 1067 , 0.00 ,  6.2 , 50.0 ,
11/23/2022,   38 ,   56 , 1147 , 0.00 ,  9.8 , 50.0 ,
11/24/2022,   28 ,   46 ,  771 , 0.00 ,  6.6 , 50.0 ,
11/25/2022,   40 ,   68 , 1963 , 0.00 ,  4.3 , 50.0 ,
11/26/2022,   37 ,   66 , 1854 , 0.00 , 14.5 , 50.0 ,
11/27/2022,   21 ,   43 ,  518 , 0.08 , 12.3 , 50.0 ,
11/28/2022,   23 ,   40 ,  512 , 0.00 ,  9.6 , 50.0 ,
11/29/2022,    7 ,   25 ,  279 , 0.00 , 10.0 , 50.0 ,
11/30/2022,    9 ,   32 ,  421 , 0.00 ,  7.2 , 50.0 ,
12/01/2022,   22 ,   52 , 1018 , 0.00 ,  6.2 , 50.0 ,
12/02/2022,   12 ,   51 ,  917 , 0.00 , 13.7 , 50.0 ,
12/03/2022,   16 ,   46 ,  908 , 0.00 ,  4.4 , 50.0 ,
12/04/2022,   26 ,   55 , 1328 , 0.00 ,  3.2 , 50.0 ,
12/05/2022,   16 ,   54 , 1266 , 0.03 , 12.1 , 50.0 ,
12/06/2022,   18 ,   35 ,  434 , 0.02 , 16.6 , 50.0 ,
12/07/2022,    3 ,   41 ,  523 , 0.00 ,  8.9 , 50.0 ,
12/08/2022,   23 ,   42 ,  634 , 0.00 ,  6.7 , 50.0 ,
12/09/2022,   26 ,   44 ,  734 , 0.00 ,  6.3 , 50.0 ,
12/10/2022,   28 ,   44 ,  685 , 0.00 ,  6.6 , 50.0 ,
12/11/2022,   32 ,   58 , 1348 , 0.00 ,  4.7 , 50.0 ,
12/12/2022,   19 ,   57 , 1301 , 0.00 , 18.0 , 50.0 ,
12/13/2022,   10 ,   17 ,   52 , 0.00 , 19.2 , 50.0 ,
12/14/2022,   11 ,   15 ,   45 , 0.00 , 19.6 , 50.0 ,
12/15/2022,   13 ,   15 ,   45 , 0.00 , 19.3 , 50.0 ,
12/16/2022,   11 ,   17 ,   98 , 0.00 , 13.8 , 50.0 ,
12/17/2022,   17 ,   30 ,  236 , 0.00 , 11.4 , 50.0 ,
12/18/2022,    4 ,   32 ,  330 , 0.00 , 16.5 , 50.0 ,
12/19/2022,    0 ,   10 ,   69 , 0.00 , 14.6 , 50.0 ,
12/20/2022,   -7 ,    9 ,   76 , 0.00 , 13.5 , 50.0 ,
12/21/2022,  -18 ,   -3 ,   51 , 0.00 , 12.8 , 50.0 ,
12/22/2022,  -23 ,  -11 ,   47 , 0.00 , 10.5 , 50.0 ,
12/23/2022,  -12 ,    3 ,  116 , 0.00 ,  8.3 , 50.0 ,
12/24/2022,   -5 ,   22 ,  275 , 0.00 , 11.7 , 50.0 ,
12/25/2022,   14 ,   48 ,  683 , 0.00 , 10.5 , 50.0 ,
12/26/2022,   22 ,   47 ,  658 , 0.00 ,  8.4 , 50.0 ,
12/27/2022,   48 ,   55 , 1018 , 0.00 ,  7.1 , 50.0 ,
12/28/2022,   43 ,   52 ,  846 , 0.00 , 10.9 , 50.0 ,
12/29/2022,   31 ,   42 ,  489 , 0.00 , 11.3 , 50.0 ,
12/30/2022,   24 ,   40 ,  554 , 0.00 ,  7.5 , 50.0 ,
12/31/2022,   30 ,   42 ,  625 , 0.00 ,  7.2 , 50.0 ,
01/01/2023,   32 ,   43 ,  612 , 0.00 ,  9.3 , 50.0 ,
01/02/2023,   28 ,   40 ,  436 , 0.00 , 22.5 , 50.0 ,
01/03/2023,   22 ,   35 ,  289 , 0.03 , 12.2 , 50.0 ,
01/04/2023,   20 ,   35 ,  379 , 0.00 ,  9.2 , 50.0 ,
01/05/2023,   28 ,   42 ,  680 , 0.00 ,  6.7 , 50.0 ,
01/06/2023,   21 ,   41 ,  610 , 0.00 ,  9.7 , 50.0 ,
01/07/2023,   23 ,   47 ,  647 , 0.00 ,  8.4 , 50.0 ,
01/08/2023,   32 ,   49 ,  934 , 0.00 ,  6.3 , 50.0 ,
01/09/2023,   39 ,   49 ,  899 , 0.00 ,  5.8 , 50.0 ,
01/10/2023,   37 ,   48 ,  854 , 0.00 ,  8.8 , 50.0 ,
01/11/2023,   28 ,   43 ,  480 , 0.00 , 11.2 , 50.0 ,
01/12/2023,   27 ,   46 ,  665 , 0.00 ,  7.9 , 50.0 ,
01/13/2023,   31 ,   60 , 1254 , 0.00 ,  6.1 , 50.0 ,
01/14/2023,   44 ,   61 , 1373 , 0.00 ,  6.3 , 50.0 ,
01/15/2023,   34 ,   55 , 1047 , 0.00 ,  8.3 , 50.0 ,
01/16/2023,   31 ,   46 ,  570 , 0.29 , 23.5 , 50.0 ,
01/17/2023,   27 ,   37 ,  134 , 0.11 , 20.7 , 50.0 ,
01/18/2023,   27 ,   32 ,   55 , 0.00 , 22.0 , 50.0 ,
01/19/2023,   23 ,   35 ,  358 , 0.00 ,  9.7 , 50.0 ,
01/20/2023,   28 ,   37 ,  403 , 0.00 ,  9.9 , 50.0 ,
01/21/2023,   27 ,   36 ,  351 , 0.00 , 10.8 , 50.0 ,
01/22/2023,   27 ,   39 ,  371 , 0.00 , 11.0 , 50.0 ,
01/23/2023,   25 ,   37 ,  440 , 0.01 ,  8.7 , 50.0 ,
01/24/2023,   23 ,   36 ,  437 , 0.00 ,  8.3 , 50.0 ,
01/25/2023,   22 ,   34 ,  397 , 0.00 , 18.6 , 50.0 ,
01/26/2023,   24 ,   34 ,  285 , 0.01 , 15.5 , 50.0 ,
01/27/2023,   31 ,   38 ,  326 , 0.01 , 16.8 , 50.0 ,
01/28/2023,    4 ,   30 ,  124 , 0.00 , 16.8 , 50.0 ,
01/29/2023,   -9 ,    3 ,   50 , 0.00 , 14.4 , 50.0 ,
01/30/2023,  -12 ,   10 ,  151 , 0.00 ,  8.5 , 50.0 ,
01/31/2023,    6 ,   29 ,  400 , 0.01 ,  7.2 , 50.0 ,
02/01/2023,   25 ,   39 ,  549 , 0.00 ,  7.7 , 50.0 ,
02/02/2023,   17 ,   39 ,  532 , 0.00 , 14.8 , 50.0 ,
02/03/2023,   13 ,   55 , 1225 , 0.00 ,  4.8 , 50.0 ,
02/04/2023,   41 ,   55 , 1210 , 0.00 ,  6.5 , 50.0 ,
02/05/2023,   31 ,   48 ,  809 , 0.00 ,  7.6 , 50.0 ,
02/06/2023,   33 ,   55 , 1180 , 0.01 , 14.5 , 50.0 ,
02/07/2023,   34 ,   47 ,  713 , 0.00 ,  7.2 , 50.0 ,
02/08/2023,   38 ,   46 ,  708 , 0.00 ,  8.6 , 50.0 ,
02/09/2023,   21 ,   42 ,  535 , 0.00 ,  9.4 , 50.0 ,
02/10/2023,   24 ,   55 , 1298 , 0.00 ,  5.0 , 50.0 ,
02/11/2023,   32 ,   55 , 1166 , 0.00 ,  6.4 , 50.0 ,
02/12/2023,   28 ,   48 ,  888 , 0.00 ,  5.4 , 50.0 ,
02/13/2023,   42 ,   62 , 1631 , 0.00 ,  4.0 , 50.0 ,
02/14/2023,   26 ,   59 , 1346 , 0.00 , 21.4 , 50.0 ,
02/15/2023,    4 ,   26 ,  330 , 0.00 ,  7.9 , 50.0 ,
02/16/2023,   10 ,   34 ,  483 , 0.00 ,  8.0 , 50.0 ,
02/17/2023,   26 ,   47 ,  834 , 0.00 ,  6.0 , 50.0 ,
02/18/2023,   26 ,   47 ,  888 , 0.00 ,  4.9 , 50.0 ,
02/19/2023,   27 ,   45 ,  783 , 0.00 ,  8.5 , 50.0 ,
02/20/2023,   27 ,   39 ,  549 , 0.00 , 20.5 , 50.0 ,
02/21/2023,   23 ,   41 ,  375 , 0.13 , 21.7 , 50.0 ,
02/22/2023,   -8 ,   18 ,  109 , 0.01 , 14.2 , 50.0 ,
02/23/2023,  -16 ,    1 ,   60 , 0.00 , 12.5 , 50.0 ,
02/24/2023,  -16 ,   11 ,   95 , 0.01 , 12.3 , 50.0 ,
02/25/2023,   10 ,   45 ,  763 , 0.04 ,  6.0 , 50.0 ,
02/26/2023,   35 ,   57 , 1269 , 0.00 ,  4.8 , 50.0 ,
02/27/2023,   33 ,   56 , 1224 , 0.04 , 13.4 , 50.0 ,
02/28/2023,   24 ,   45 ,  630 , 0.00 ,  8.6 , 50.0 ,
03/01/2023,   20 ,   44 ,  617 , 0.00 , 17.5 , 50.0 ,
03/02/2023,   14 ,   43 ,  706 , 0.00 ,  6.4 , 50.0 ,
03/03/2023,   33 ,   42 ,  689 , 0.00 ,  8.6 , 50.0 ,
03/04/2023,   24 ,   41 ,  698 , 0.00 ,  5.4 , 50.0 ,
03/05/2023,   26 ,   40 ,  663 , 0.00 , 23.1 , 50.0 ,
03/06/2023,   18 ,   30 ,   79 , 0.00 , 19.4 , 50.0 ,
03/07/2023,   12 ,   26 ,  148 , 0.15 , 14.1 , 50.0 ,
03/08/2023,   10 ,   25 ,  128 , 0.01 , 17.5 , 50.0 ,
03/09/2023,   11 ,   23 ,   97 , 0.07 , 15.7 , 50.0 ,
03/10/2023,    9 ,   33 ,  197 , 0.00 , 12.8 , 50.0 ,
03/11/2023,   27 ,   50 ,  712 , 0.00 ,  8.8 , 50.0 ,
03/12/2023,   13 ,   30 ,  332 , 0.00 , 10.5 , 50.0 ,
03/13/2023,   10 ,   38 ,  465 , 0.00 ,  9.3 , 50.0 ,
03/14/2023,   30 ,   59 , 1329 , 0.00 ,  4.9 , 50.0 ,
03/15/2023,   36 ,   63 , 1571 , 0.00 ,  6.1 , 50.0 ,
03/16/2023,   20 ,   61 , 1336 , 0.01 , 16.2 , 50.0 ,
03/17/2023,   19 ,   28 ,  176 , 0.00 , 13.1 , 50.0 ,
03/18/2023,   10 ,   35 ,  606 , 0.00 ,  4.4 , 50.0 ,
03/19/2023,   26 ,   50 , 1105 , 0.00 ,  3.8 , 50.0 ,
03/20/2023,   23 ,   50 , 1092 , 0.00 , 10.0 , 50.0 ,
03/21/2023,   20 ,   39 ,  444 , 0.04 , 21.6 , 50.0 ,
03/22/2023,   18 ,   37 ,  500 , 0.03 ,  8.3 , 50.0 ,
03/23/2023,   23 ,   39 ,  444 , 0.02 , 11.3 , 50.0 ,
03/24/2023,   28 ,   52 , 1005 , 0.00 ,  5.6 , 50.0 ,
03/25/2023,   26 ,   47 ,  735 , 0.00 , 15.9 , 50.0 ,
03/26/2023,   15 ,   35 ,  282 , 0.00 , 11.6 , 50.0 ,
03/27/2023,   14 ,   31 ,  188 , 0.05 , 18.5 , 50.0 ,
03/28/2023,   18 ,   40 ,  537 , 0.00 ,  7.8 , 50.0 ,
03/29/2023,   17 ,   38 ,  434 , 0.00 ,  9.7 , 50.0 ,
03/30/2023,   24 ,   48 ,  638 , 0.00 ,  8.3 , 50.0 ,
03/31/2023,   19 ,   50 ,  700 , 0.00 , 16.9 , 50.0 ,
04/01/2023,   23 ,   51 ,  943 , 0.25 ,  5.7 , 50.0 ,
04/02/2023,   34 ,   50 ,  945 , 0.00 ,  5.5 , 50.0 ,
04/03/2023,   30 ,   46 ,  824 , 0.00 ,  7.9 , 50.0 ,
04/04/2023,   20 ,   37 ,  395 , 0.00 , 19.1 , 50.0 ,
04/05/2023,   13 ,   25 ,  160 , 0.05 , 11.2 , 50.0 ,
04/06/2023,   24 ,   41 ,  628 , 0.07 ,  6.3 , 50.0 ,
04/07/2023,   30 ,   51 ,  981 , 0.00 ,  6.6 , 50.0 ,
04/08/2023,   37 ,   62 , 1498 , 0.00 ,  4.8 , 50.0 ,
04/09/2023,   39 ,   64 , 1587 , 0.00 ,  4.7 , 50.0 ,
04/10/2023,   44 ,   74 , 2350 , 0.00 ,  4.0 , 50.0 ,
04/11/2023,   56 ,   79 , 2841 , 0.00 ,  3.4 , 50.0 ,
04/12/2023,   44 ,   81 , 3178 , 0.00 ,  5.9 , 50.0 ,
04/13/2023,   31 ,   61 , 1190 , 0.00 ,  9.4 , 50.0 ,
04/14/2023,   32 ,   53 ,  658 , 0.00 , 11.4 , 50.0 ,
04/15/2023,   31 ,   38 ,  380 , 0.00 , 23.5 , 59.2 ,
04/16/2023,   26 ,   56 , 1224 , 0.00 , 32.6 , 68.1 ,
04/17/2023,   40 ,   62 , 1498 , 0.00 , 46.0 , 76.5 ,
04/18/2023,   40 ,   66 , 1701 , 0.00 , 58.8 , 84.3 ,
04/19/2023,   38 ,   52 , 1031 , 0.21 , 70.9 , 93.8 ,
04/20/2023,   30 ,   51 , 1032 , 0.00 , 83.1 ,100.8 ,
04/21/2023,   21 ,   32 ,  238 , 0.00 ,107.0 ,110.4 ,
04/22/2023,   21 ,   33 ,  261 , 0.00 ,107.3 ,111.2 ,
04/23/2023,   23 ,   49 ,  780 , 0.00 ,107.5 ,111.7 ,
04/24/2023,   31 ,   60 , 1342 , 0.00 ,107.0 ,110.8 ,
04/25/2023,   28 ,   60 , 1342 , 0.04 ,108.1 ,113.9 ,
04/26/2023,   41 ,   60 , 1148 , 0.00 ,106.2 ,112.0 ,
04/27/2023,   43 ,   61 , 1263 , 0.09 ,106.1 ,111.9 ,
04/28/2023,   37 ,   53 ,  878 , 0.55 ,108.6 ,118.5 ,
04/29/2023,   48 ,   58 , 1184 , 0.00 ,106.2 ,116.1 ,
04/30/2023,   29 ,   58 , 1200 , 0.00 ,105.9 ,115.6 ,
05/01/2023,   33 ,   61 , 1409 , 0.00 ,105.5 ,114.9 ,
05/02/2023,   37 ,   69 , 1887 , 0.00 ,103.2 ,112.6 ,
05/03/2023,   48 ,   75 , 2311 , 0.00 ,100.6 ,110.0 ,
05/04/2023,   53 ,   76 , 2543 , 0.00 , 97.4 ,106.7 ,
05/05/2023,   53 ,   74 , 2178 , 0.02 , 94.9 ,104.1 ,
05/06/2023,   48 ,   66 , 1505 , 0.15 , 96.5 ,106.9 ,
05/07/2023,   41 ,   66 , 1527 , 0.05 , 98.2 ,109.8 ,
05/08/2023,   38 ,   65 , 1517 , 0.00 , 98.6 ,110.6 ,
05/09/2023,   52 ,   71 , 1761 , 0.00 , 97.3 ,109.2 ,
05/10/2023,   55 ,   76 , 2604 , 0.00 , 95.5 ,107.4 ,
05/11/2023,   50 ,   74 , 1977 , 0.22 , 97.4 ,110.7 ,
05/12/2023,   48 ,   55 ,   74 , 2.12 ,120.2 ,142.0 ,
05/13/2023,   47 ,   49 ,   12 , 2.75 ,142.7 ,183.4 ,
05/14/2023,   47 ,   51 ,  153 , 0.57 ,150.0 ,200.0 ,
05/15/2023,   43 ,   68 , 1215 , 0.00 ,150.0 ,200.0 ,
05/16/2023,   49 ,   73 , 1607 , 0.00 ,150.0 ,200.0 ,
05/17/2023,   59 ,   73 , 1635 , 0.00 ,150.0 ,200.0 ,
05/18/2023,   48 ,   63 , 1041 , 0.00 ,150.0 ,200.0 ,
05/19/2023,   37 ,   59 ,  937 , 0.00 ,150.0 ,200.0 ,
05/20/2023,   52 ,   77 , 2217 , 0.00 ,139.0 ,187.5 ,
05/21/2023,   56 ,   77 , 2343 , 0.00 ,128.1 ,176.4 ,
05/22/2023,   55 ,   79 , 2266 , 0.00 ,127.5 ,175.9 ,
05/23/2023,   63 ,   81 , 2528 , 0.00 ,126.4 ,174.7 ,
05/24/2023,   58 ,   79 , 2638 , 0.00 ,125.7 ,174.0 ,
05/25/2023,   59 ,   78 , 1898 , 0.02 ,125.1 ,173.4 ,
05/26/2023,   55 ,   74 , 1662 , 0.34 ,121.9 ,170.2 ,
05/27/2023,   53 ,   71 , 1165 , 0.81 ,118.8 ,167.0 ,
05/28/2023,   51 ,   68 ,  982 , 0.42 ,117.5 ,165.7 ,
05/29/2023,   52 ,   71 , 1398 , 0.02 ,118.6 ,167.1 ,
05/30/2023,   54 ,   75 , 1807 , 0.06 ,120.3 ,169.1 ,
05/31/2023,   52 ,   73 , 1441 , 0.78 ,123.9 ,173.3 ,
06/01/2023,   53 ,   77 , 2027 , 0.33 ,125.1 ,174.6 ,
06/02/2023,   52 ,   77 , 1742 , 0.17 ,121.9 ,171.4 ,
06/03/2023,   54 ,   78 , 1997 , 0.00 ,113.5 ,162.9 ,
06/04/2023,   61 ,   80 , 2272 , 0.00 ,107.1 ,156.4 ,
06/05/2023,   63 ,   80 , 2412 , 0.00 ,105.9 ,155.1 ,
06/06/2023,   59 ,   83 , 2504 , 0.00 ,105.0 ,154.2 ,
06/07/2023,   64 ,   83 , 2427 , 0.00 ,103.4 ,152.6 ,
06/08/2023,   59 ,   79 , 1962 , 0.61 ,107.0 ,157.1 ,
06/09/2023,   60 ,   77 , 1742 , 0.01 ,101.6 ,151.6 ,
06/10/2023,   53 ,   71 ,  829 , 1.40 ,110.8 ,162.9 ,
06/11/2023,   47 ,   64 ,  793 , 0.09 ,110.4 ,162.5 ,
06/12/2023,   51 ,   72 , 1420 , 0.00 ,110.7 ,162.9 ,
06/13/2023,   52 ,   72 , 1286 , 0.00 ,111.5 ,163.9 ,
06/14/2023,   58 ,   78 , 1800 , 0.00 ,110.8 ,163.1 ,
06/15/2023,   56 ,   79 , 1860 , 0.45 ,113.7 ,166.6 ,
06/16/2023,   50 ,   61 ,  787 , 0.33 ,118.9 ,172.7 ,
06/17/2023,   46 ,   73 , 1746 , 0.00 ,109.7 ,163.4 ,
06/18/2023,   54 ,   81 , 2672 , 0.00 ,105.0 ,158.6 ,
06/19/2023,   57 ,   85 , 3000 , 0.00 ,104.4 ,158.0 ,
06/20/2023,   60 ,   87 , 3153 , 0.00 ,104.2 ,157.7 ,
06/21/2023,   52 ,   75 , 1215 , 0.66 ,114.3 ,169.7 ,
06/22/2023,   52 ,   62 ,  607 , 0.86 ,119.3 ,175.5 ,
06/23/2023,   51 ,   67 ,  610 , 0.40 ,118.9 ,175.0 ,
06/24/2023,   47 ,   65 ,  590 , 1.59 ,121.9 ,178.4 ,
06/25/2023,   50 ,   72 , 1366 , 0.28 ,121.8 ,178.4 ,
06/26/2023,   55 ,   75 , 1481 , 0.00 ,122.2 ,178.8 ,
06/27/2023,   55 ,   77 , 1647 , 0.02 ,124.1 ,180.9 ,
06/28/2023,   54 ,   76 , 1440 , 0.25 ,123.3 ,180.1 ,
06/29/2023,   55 ,   76 , 1624 , 0.16 ,120.2 ,176.9 ,
06/30/2023,   55 ,   71 , 1295 , 0.01 ,115.1 ,171.7 ,
07/01/2023,   56 ,   81 , 2203 , 0.00 ,107.4 ,164.0 ,
07/02/2023,   64 ,   82 , 2537 , 0.00 ,104.1 ,160.7 ,
07/03/2023,   59 ,   84 , 2945 , 0.00 ,103.7 ,160.2 ,
07/04/2023,   52 ,   81 , 1806 , 0.40 ,116.0 ,174.4 ,
07/05/2023,   45 ,   62 ,  683 , 0.01 ,115.2 ,173.6 ,
07/06/2023,   49 ,   73 , 1302 , 0.00 ,111.4 ,169.7 ,
07/07/2023,   55 ,   75 , 1659 , 0.02 ,107.9 ,166.2 ,
07/08/2023,   52 ,   74 , 1662 , 0.00 ,103.1 ,161.4 ,
07/09/2023,   57 ,   80 , 2202 , 0.00 ,101.5 ,159.7 ,
07/10/2023,   63 ,   85 , 2712 , 0.00 ,101.0 ,159.2 ,
07/11/2023,   61 ,   86 , 2758 , 0.85 ,100.4 ,158.6 ,
07/12/2023,   59 ,   81 , 2022 , 0.27 ,101.8 ,160.3 ,
07/13/2023,   60 ,   82 , 2499 , 0.01 , 98.6 ,157.0 ,
07/14/2023,   59 ,   82 , 2462 , 0.03 , 96.7 ,155.2 ,
07/15/2023,   63 ,   76 , 1746 , 0.00 , 92.6 ,151.0 ,
07/16/2023,   58 ,   81 , 2022 , 0.00 , 91.6 ,150.0 ,
07/17/2023,   56 ,   83 , 2466 , 0.00 , 92.4 ,151.1 ,
07/18/2023,   61 ,   84 , 2666 , 0.00 , 87.6 ,146.2 ,
07/19/2023,   60 ,   85 , 3000 , 0.00 , 83.1 ,141.6 ,
07/20/2023,   52 ,   79 , 2402 , 0.00 , 80.2 ,138.7 ,
07/21/2023,   57 ,   82 , 2350 , 0.00 , 77.1 ,135.5 ,
07/22/2023,   62 ,   88 , 3391 , 0.00 , 73.7 ,132.0 ,
07/23/2023,   67 ,   93 , 3965 , 0.00 , 71.7 ,130.0 ,
07/24/2023,   69 ,   95 , 4217 , 0.00 , 70.2 ,128.5 ,
07/25/2023,   72 ,   92 , 3741 , 0.00 , 65.6 ,123.8 ,
07/26/2023,   69 ,   92 , 3998 , 0.00 , 61.6 ,119.8 ,
07/27/2023,   72 ,   91 , 4024 , 0.00 , 58.3 ,116.5 ,
07/28/2023,   58 ,   82 , 2499 , 0.00 , 55.7 ,113.8 ,
07/29/2023,   60 ,   82 , 2238 , 0.18 , 56.6 ,115.3 ,
07/30/2023,   67 ,   88 , 2667 , 0.00 , 56.5 ,115.2 ,
07/31/2023,   64 ,   87 , 2321 , 0.03 , 57.8 ,117.2 ,
08/01/2023,   69 ,   89 , 2986 , 0.02 , 56.9 ,116.3 ,
08/02/2023,   67 ,   89 , 3639 , 0.00 , 55.0 ,114.4 ,
08/03/2023,   65 ,   89 , 3593 , 0.00 , 53.4 ,112.8 ,
08/04/2023,   59 ,   76 , 1164 , 1.21 , 59.5 ,122.3 ,
08/05/2023,   52 ,   68 ,  444 , 1.21 , 80.1 ,149.5 ,
08/06/2023,   55 ,   69 , 1161 , 0.32 , 85.6 ,156.4 ,
08/07/2023,   54 ,   73 , 1579 , 0.06 , 87.7 ,159.1 ,
08/08/2023,   51 ,   72 , 1339 , 0.11 , 88.9 ,160.5 ,
08/09/2023,   56 ,   80 , 2377 , 0.00 , 88.5 ,160.1 ,
08/10/2023,   64 ,   82 , 2499 , 0.00 , 87.6 ,159.2 ,
08/11/2023,   62 ,   81 , 2347 , 0.00 , 83.0 ,154.6 ,
08/12/2023,   59 ,   81 , 2419 , 0.00 , 72.4 ,143.8 ,
08/13/2023,   54 ,   80 , 1922 , 0.34 , 75.7 ,148.1 ,
08/14/2023,   54 ,   73 , 1690 , 0.04 , 75.8 ,148.3 ,
08/15/2023,   57 ,   87 , 3153 , 0.00 , 72.8 ,145.3 ,
08/16/2023,   68 ,   90 , 3852 , 0.00 , 70.9 ,143.4 ,
08/17/2023,   55 ,   83 , 2504 , 0.00 , 70.6 ,143.0 ,
08/18/2023,   81 ,   92 , 3793 , 0.00 , 66.5 ,138.9 ,
08/19/2023,   71 ,   94 , 4090 , 0.00 , 58.6 ,130.9 ,
08/20/2023,   57 ,   80 , 1922 , 0.00 , 55.3 ,127.5 ,
08/21/2023,   56 ,   82 , 1529 , 0.00 , 56.0 ,128.6 ,
08/22/2023,   65 ,   96 , 4291 , 0.00 , 55.4 ,128.0 ,
08/23/2023,   76 ,   96 , 4465 , 0.03 , 55.2 ,127.8 ,
08/24/2023,   67 ,   90 , 3418 , 0.00 , 54.6 ,127.2 ,
08/25/2023,   58 ,   90 , 3611 , 0.00 , 52.7 ,125.2 ,
08/26/2023,   55 ,   82 , 2537 , 0.00 , 48.1 ,120.5 ,
08/27/2023,   67 ,   84 , 2666 , 0.00 , 44.9 ,117.3 ,
08/28/2023,   60 ,   86 , 3352 , 0.00 , 42.5 ,114.9 ,
08/29/2023,   59 ,   86 , 3352 , 0.00 , 40.1 ,112.5 ,
08/30/2023,   69 ,   94 , 4635 , 0.00 , 38.6 ,110.9 ,
08/31/2023,   53 ,   96 , 5219 , 0.00 , 37.4 ,109.7 ,
09/01/2023,   59 ,   86 , 3352 , 0.00 , 34.9 ,107.2 ,
09/02/2023,   71 ,   91 , 3925 , 0.00 , 30.8 ,103.1 ,
09/03/2023,   72 ,   92 , 4049 , 0.00 , 30.0 ,100.2 ,
09/04/2023,   63 ,   94 , 4253 , 0.00 , 30.0 , 98.9 ,
09/05/2023,   49 ,   79 , 2131 , 2.45 , 35.7 ,113.7 ,
09/06/2023,   47 ,   75 , 1748 , 0.00 , 36.2 ,114.6 ,
09/07/2023,   59 ,   78 , 2127 , 0.00 , 36.4 ,114.8 ,
09/08/2023,   57 ,   79 , 2199 , 0.00 , 35.8 ,114.3 ,
09/09/2023,   54 ,   81 , 2203 , 0.01 , 36.2 ,114.9 ,
09/10/2023,   52 ,   71 , 1062 , 0.41 , 43.1 ,125.5 ,
09/11/2023,   44 ,   68 , 1122 , 0.01 , 45.1 ,128.5 ,
09/12/2023,   50 ,   74 , 1490 , 0.00 , 40.7 ,124.0 ,
09/13/2023,   57 ,   81 , 2347 , 0.00 , 40.8 ,124.2 ,
09/14/2023,   59 ,   81 , 2275 , 0.53 , 44.2 ,129.3 ,
09/15/2023,   52 ,   70 , 1377 , 0.00 , 44.6 ,129.9 ,
09/16/2023,   49 ,   74 , 2178 , 0.00 , 42.7 ,127.9 ,
09/17/2023,   55 ,   79 , 2368 , 0.00 , 38.1 ,123.3 ,
09/18/2023,   63 ,   81 , 2817 , 0.00 , 35.7 ,120.8 ,
09/19/2023,   57 ,   83 , 3044 , 0.00 , 30.8 ,115.9 ,
09/20/2023,   55 ,   76 , 2267 , 0.00 , 30.2 ,115.3 ,
09/21/2023,   49 ,   70 , 1327 , 0.00 , 30.6 ,115.9 ,
09/22/2023,   49 ,   74 , 1605 , 0.01 , 32.3 ,118.7 ,
09/23/2023,   46 ,   58 ,  526 , 0.49 , 36.5 ,125.0 ,
09/24/2023,   53 ,   65 ,  948 , 0.01 , 36.4 ,124.9 ,
09/25/2023,   48 ,   74 , 1948 , 0.00 , 36.0 ,124.5 ,
09/26/2023,   52 ,   77 , 2153 , 0.00 , 33.3 ,121.8 ,
09/27/2023,   46 ,   76 , 1899 , 0.00 , 34.7 ,123.9 ,
09/28/2023,   54 ,   76 , 2359 , 0.00 , 33.7 ,122.9 ,
09/29/2023,   45 ,   68 , 1262 , 0.20 , 34.7 ,124.4 ,
09/30/2023,   49 ,   83 , 2466 , 0.00 , 32.9 ,122.7 ,
10/01/2023,   56 ,   84 , 3064 , 0.00 , 32.2 ,121.9 ,
10/02/2023,   48 ,   63 ,  589 , 0.04 , 35.8 ,127.4 ,
10/03/2023,   53 ,   61 , 1043 , 0.21 , 38.4 ,131.2 ,
10/04/2023,   44 ,   60 , 1077 , 0.01 , 40.2 ,133.8 ,
10/05/2023,   44 ,   59 , 1040 , 0.00 , 39.7 ,133.2 ,
10/06/2023,   30 ,   50 ,  957 , 0.00 , 38.5 ,131.2 ,
10/07/2023,   34 ,   69 , 1911 , 0.00 , 34.9 ,127.6 ,
10/08/2023,   48 ,   70 , 1827 , 0.00 , 32.2 ,124.8 ,
10/09/2023,   45 ,   69 , 1790 , 0.00 , 30.0 ,122.6 ,
10/10/2023,   50 ,   71 , 1657 , 0.00 , 30.0 ,119.5 ,
10/11/2023,   40 ,   72 , 1768 , 0.00 , 30.0 ,120.3 ,
10/12/2023,   38 ,   51 ,  229 , 0.79 , 37.3 ,142.9 ,
10/13/2023,   36 ,   41 ,  148 , 0.02 , 39.3 ,147.3 ,
10/14/2023,   29 ,   48 ,  478 , 0.00 , 39.9 ,148.7 ,
10/15/2023,   34 ,   58 ,  806 , 0.00 , 40.2 ,149.3 ,
10/16/2023,   44 ,   73 , 1912 , 0.00 , 39.3 ,148.4 ,
10/17/2023,   60 ,   76 , 2236 , 0.00 , 36.7 ,145.7 ,
10/18/2023,   46 ,   75 , 2193 , 0.06 , 36.3 ,145.3 ,
10/19/2023,   53 ,   72 , 2116 , 0.00 , 30.0 ,136.5 ,
10/20/2023,   64 ,   74 , 2292 , 0.00 , 30.0 ,132.5 ,
10/21/2023,   43 ,   74 , 2149 , 0.00 , 30.0 ,130.3 ,
10/22/2023,   45 ,   67 , 1445 , 0.00 , 30.0 ,128.9 ,
10/23/2023,   46 ,   68 , 1379 , 0.00 , 30.0 ,128.3 ,
10/24/2023,   41 ,   52 ,  502 , 0.06 , 30.0 ,133.4 ,
10/25/2023,   38 ,   45 ,   51 , 0.05 , 31.7 ,141.6 ,
10/26/2023,   16 ,   31 ,   41 , 0.00 , 23.2 , 50.0 ,
10/27/2023,    7 ,   27 ,  114 , 0.01 , 17.9 , 50.0 ,
10/28/2023,   13 ,   24 ,  110 , 0.01 , 16.3 , 50.0 ,
10/29/2023,   15 ,   23 ,  139 , 0.00 , 18.6 , 50.0 ,
10/30/2023,   19 ,   37 ,  447 , 0.00 ,  8.9 , 50.0 ,
10/31/2023,    9 ,   43 ,  584 , 0.00 ,  8.3 , 50.0 ,
11/01/2023,   36 ,   53 , 1015 , 0.00 ,  6.0 , 50.0 ,
11/02/2023,   33 ,   62 , 1555 , 0.00 ,  4.5 , 50.0 ,
11/03/2023,   44 ,   61 , 1483 , 0.00 , 10.8 , 50.0 ,
11/04/2023,   39 ,   62 , 1384 , 0.00 ,  6.2 , 50.0 ,
11/05/2023,   48 ,   67 , 1739 , 0.00 ,  6.0 , 50.0 ,
11/06/2023,   42 ,   58 , 1085 , 0.05 ,  9.2 , 50.0 ,
11/07/2023,   46 ,   60 , 1254 , 0.00 ,  6.8 , 50.0 ,
11/08/2023,   39 ,   54 ,  925 , 0.00 ,  7.5 , 50.0 ,
11/09/2023,   34 ,   42 ,  680 , 0.00 ,  6.1 , 50.0 ,
11/10/2023,   26 ,   49 ,  863 , 0.00 ,  6.6 , 50.0 ,
11/11/2023,   30 ,   55 , 1180 , 0.00 ,  4.8 , 50.0 ,
11/12/2023,   46 ,   58 , 1348 , 0.00 ,  5.2 , 50.0 ,
11/13/2023,   41 ,   67 , 2032 , 0.00 ,  2.9 , 50.0 ,
11/14/2023,   48 ,   66 , 1963 , 0.00 ,  5.6 , 50.0 ,
11/15/2023,   40 ,   65 , 1727 , 0.00 ,  4.3 , 50.0 ,
11/16/2023,   35 ,   65 , 1727 , 0.00 , 12.0 , 50.0 ,
11/17/2023,   27 ,   57 , 1142 , 0.00 ,  6.0 , 50.0 ,
11/18/2023,   40 ,   61 , 1336 , 0.00 ,  5.8 , 50.0 ,
11/19/2023,   37 ,   58 , 1151 , 0.00 ,  8.2 , 50.0 ,
11/20/2023,   38 ,   49 ,  698 , 0.00 ,  8.4 , 50.0 ,
11/21/2023,   33 ,   52 ,  991 , 0.00 ,  5.9 , 50.0 ,
11/22/2023,   43 ,   60 , 1590 , 0.00 ,  4.7 , 50.0 ,
11/23/2023,   22 ,   56 , 1193 , 0.00 , 22.8 , 50.0 ,
11/24/2023,   11 ,   22 ,  145 , 0.00 , 12.9 , 50.0 ,
11/25/2023,   14 ,   32 ,  287 , 0.03 , 10.7 , 50.0 ,
11/26/2023,   24 ,   32 ,  348 , 0.00 ,  9.8 , 50.0 ,
11/27/2023,   26 ,   39 ,  516 , 0.00 ,  8.4 , 50.0 ,
11/28/2023,   33 ,   49 ,  981 , 0.00 ,  4.7 , 50.0 ,
11/29/2023,   38 ,   53 , 1207 , 0.00 ,  3.8 , 50.0 ,
11/30/2023,   21 ,   51 , 1070 , 0.00 ,  7.4 , 50.0 ,
12/01/2023,   24 ,   36 ,  466 , 0.00 ,  9.0 , 50.0 ,
12/02/2023,   23 ,   42 ,  662 , 0.00 ,  6.3 , 50.0 ,
12/03/2023,   32 ,   41 ,  637 , 0.00 , 10.5 , 50.0 ,
12/04/2023,   31 ,   46 ,  782 , 0.00 ,  6.8 , 50.0 ,
12/05/2023,   34 ,   53 , 1028 , 0.00 ,  9.2 , 50.0 ,
12/06/2023,   53 ,   65 , 1580 , 0.00 ,  5.6 , 50.0 ,
12/07/2023,   51 ,   63 , 1591 , 0.00 ,  6.5 , 50.0 ,
12/08/2023,   30 ,   54 ,  939 , 0.05 , 18.9 , 50.0 ,
12/09/2023,   23 ,   31 ,  299 , 0.00 , 13.6 , 50.0 ,
12/10/2023,   27 ,   41 ,  671 , 0.00 ,  7.7 , 50.0 ,
12/11/2023,   36 ,   44 ,  636 , 0.00 , 11.2 , 50.0 ,
12/12/2023,   21 ,   39 ,  315 , 0.02 , 11.7 , 50.0 ,
12/13/2023,   24 ,   45 ,  681 , 0.00 ,  7.5 , 50.0 ,
12/14/2023,   30 ,   47 ,  735 , 0.00 , 11.2 , 50.0 ,
12/15/2023,   29 ,   47 ,  790 , 0.00 ,  7.6 , 50.0 ,
12/16/2023,   21 ,   57 , 1253 , 0.00 ,  5.3 , 50.0 ,
12/17/2023,   41 ,   57 , 1253 , 0.00 ,  7.8 , 50.0 ,
12/18/2023,   27 ,   58 , 1332 , 0.00 ,  5.1 , 50.0 ,
12/19/2023,   40 ,   61 , 1537 , 0.00 ,  4.6 , 50.0 ,
12/20/2023,   37 ,   60 , 1413 , 0.00 ,  7.6 , 50.0 ,
12/21/2023,   39 ,   57 , 1079 , 0.00 ,  7.0 , 50.0 ,
12/22/2023,   36 ,   58 , 1184 , 0.00 ,  6.0 , 50.0 ,
12/23/2023,   38 ,   58 , 1184 , 0.00 ,  9.1 , 50.0 ,
12/24/2023,   20 ,   47 ,  570 , 0.00 , 11.0 , 50.0 ,
12/25/2023,   16 ,   27 ,  289 , 0.00 ,  9.6 , 50.0 ,
12/26/2023,   20 ,   28 ,  275 , 0.00 , 22.7 , 50.0 ,
12/27/2023,   24 ,   34 ,  205 , 0.05 , 12.4 , 50.0 ,
12/28/2023,   24 ,   57 , 1269 , 0.00 ,  6.0 , 50.0 ,
12/29/2023,   34 ,   54 , 1195 , 0.00 ,  8.1 , 50.0 ,
12/30/2023,   36 ,   49 ,  721 , 0.00 ,  8.2 , 50.0 ,
12/31/2023,   19 ,   48 ,  854 , 0.00 ,  6.8 , 50.0 ,
01/01/2024,   28 ,   47 ,  845 , 0.00 ,  9.1 , 50.0 ,
01/02/2024,   30 ,   48 ,  649 , 0.00 ,  8.5 , 50.0 ,
01/03/2024,   20 ,   51 ,  815 , 0.00 , 13.7 , 50.0 ,
01/04/2024,   13 ,   30 ,  163 , 0.00 , 19.5 , 50.0 ,
01/05/2024,   29 ,   36 ,  294 , 0.00 , 13.7 , 50.0 ,
01/06/2024,   23 ,   35 ,  455 , 0.00 ,  7.7 , 50.0 ,
01/07/2024,   22 ,   36 ,  487 , 0.00 , 10.4 , 50.0 ,
01/08/2024,   12 ,   26 ,  191 , 0.00 , 12.3 , 50.0 ,
01/09/2024,   16 ,   37 ,  507 , 0.01 ,  7.6 , 50.0 ,
01/10/2024,   29 ,   38 ,  434 , 0.00 , 12.5 , 50.0 ,
01/11/2024,   -2 ,   28 ,  140 , 0.00 , 14.5 , 50.0 ,
01/12/2024,  -12 ,    8 ,   70 , 0.00 , 14.3 , 50.0 ,
01/13/2024,  -29 ,  -11 ,   52 , 0.00 ,  9.4 , 50.0 ,
01/14/2024,  -19 ,   -4 ,   89 , 0.00 ,  8.3 , 50.0 ,
01/15/2024,  -19 ,   -6 ,   71 , 0.00 ,  9.4 , 50.0 ,
01/16/2024,   -6 ,   21 ,  317 , 0.00 ,  8.9 , 50.0 ,
01/17/2024,   21 ,   27 ,  269 , 0.00 , 18.8 , 50.0 ,
01/18/2024,   -1 ,   25 ,  124 , 0.00 , 15.1 , 50.0 ,
01/19/2024,   -4 ,   12 ,  152 , 0.00 , 10.0 , 50.0 ,
01/20/2024,   -1 ,   52 ,  872 , 0.01 ,  7.3 , 50.0 ,
01/21/2024,   43 ,   51 ,  790 , 0.00 ,  8.8 , 50.0 ,
01/22/2024,   36 ,   51 ,  777 , 0.00 ,  9.9 , 50.0 ,
01/23/2024,   22 ,   53 ,  905 , 0.00 ,  7.3 , 50.0 ,
01/24/2024,   35 ,   53 ,  905 , 0.00 ,  9.3 , 50.0 ,
01/25/2024,   33 ,   49 ,  638 , 0.00 ,  8.8 , 50.0 ,
01/26/2024,   33 ,   48 ,  615 , 0.00 ,  9.2 , 50.0 ,
01/27/2024,   30 ,   47 ,  702 , 0.00 ,  7.9 , 50.0 ,
01/28/2024,   38 ,   55 ,  988 , 0.00 ,  8.1 , 50.0 ,
01/29/2024,   48 ,   56 ,  933 , 0.00 ,  8.6 , 50.0 ,
01/30/2024,   46 ,   64 , 1465 , 0.00 ,  6.0 , 50.0 ,
01/31/2024,   45 ,   67 , 1739 , 0.00 ,  7.3 , 50.0 ,
02/01/2024,   35 ,   59 , 1125 , 0.00 ,  8.6 , 50.0 ,
02/02/2024,   27 ,   57 , 1079 , 0.00 , 11.7 , 50.0 ,
02/03/2024,   27 ,   46 ,  243 , 0.01 , 20.8 , 50.0 ,
02/04/2024,   28 ,   42 ,   18 , 0.05 , 26.3 , 50.0 ,
02/05/2024,   30 ,   55 , 1033 , 0.00 ,  7.0 , 50.0 ,
02/06/2024,   40 ,   57 , 1110 , 0.00 , 10.4 , 50.0 ,
02/07/2024,   30 ,   51 ,  599 , 0.00 , 16.7 , 50.0 ,
02/08/2024,   27 ,   43 ,  245 , 0.00 , 15.3 , 50.0 ,
02/09/2024,   21 ,   35 ,  248 , 0.00 , 13.0 , 50.0 ,
02/10/2024,   22 ,   32 ,  171 , 0.00 , 14.9 , 50.0 ,
02/11/2024,   21 ,   40 ,  587 , 0.00 ,  7.5 , 50.0 ,
02/12/2024,   32 ,   45 ,  681 , 0.00 , 11.0 , 50.0 ,
02/13/2024,   34 ,   41 ,  436 , 0.00 , 10.1 , 50.0 ,
02/14/2024,   20 ,   38 ,  279 , 0.00 , 20.2 , 50.0 ,
02/15/2024,   18 ,   23 ,   46 , 0.00 , 20.7 , 50.0 ,
02/16/2024,    1 ,   18 ,   82 , 0.00 , 16.4 , 50.0 ,
02/17/2024,    3 ,   37 ,  529 , 0.02 ,  7.0 , 50.0 ,
02/18/2024,   26 ,   49 , 1052 , 0.04 ,  4.9 , 50.0 ,
02/19/2024,   35 ,   47 ,  888 , 0.00 ,  8.7 , 50.0 ,
02/20/2024,   33 ,   53 ,  932 , 0.00 ,  6.8 , 50.0 ,
02/21/2024,   37 ,   55 , 1077 , 0.00 ,  8.1 , 50.0 ,
02/22/2024,   37 ,   50 ,  835 , 0.00 ,  6.8 , 50.0 ,
02/23/2024,   37 ,   51 ,  892 , 0.00 ,  6.7 , 50.0 ,
02/24/2024,   40 ,   53 , 1070 , 0.00 ,  5.3 , 50.0 ,
02/25/2024,   32 ,   55 , 1166 , 0.00 ,  6.9 , 50.0 ,
02/26/2024,   47 ,   57 , 1269 , 0.00 ,  4.8 , 50.0 ,
02/27/2024,    4 ,   59 , 1398 , 0.00 , 16.3 , 50.0 ,
02/28/2024,   20 ,   50 , 1003 , 0.00 ,  6.2 , 50.0 ,
03/01/2024,   49 ,   62 , 1536 , 0.00 ,  6.1 , 50.0 ,
03/02/2024,   29 ,   57 , 1126 , 0.00 ,  8.7 , 50.0 ,
03/03/2024,   28 ,   55 , 1077 , 0.00 , 10.7 , 50.0 ,
03/04/2024,   19 ,   35 ,  406 , 0.00 , 10.6 , 50.0 ,
03/05/2024,   25 ,   43 ,  782 , 0.00 ,  5.2 , 50.0 ,
03/06/2024,   24 ,   43 ,  810 , 0.01 , 10.8 , 50.0 ,
03/07/2024,   23 ,   37 ,  425 , 0.00 , 12.3 , 50.0 ,
03/08/2024,   21 ,   42 ,  644 , 0.00 ,  6.9 , 50.0 ,
03/09/2024,   28 ,   56 , 1316 , 0.00 ,  4.1 , 50.0 ,
03/10/2024,   44 ,   58 , 1431 , 0.00 ,  3.7 , 50.0 ,
03/11/2024,   47 ,   63 , 1709 , 0.00 ,  4.8 , 50.0 ,
03/12/2024,   37 ,   59 , 1381 , 0.00 ,  5.3 , 50.0 ,
03/13/2024,   38 ,   58 , 1283 , 0.00 ,  9.0 , 50.0 ,
03/14/2024,   28 ,   48 ,  558 , 0.01 , 26.2 , 50.0 ,
03/15/2024,   24 ,   55 , 1107 , 0.00 ,  5.9 , 50.0 ,
03/16/2024,   32 ,   56 , 1163 , 0.00 ,  7.0 , 50.0 ,
03/17/2024,   23 ,   47 ,  845 , 0.00 ,  5.7 , 50.0 ,
03/18/2024,   22 ,   63 , 1611 , 0.00 ,  4.5 , 50.0 ,
03/19/2024,   43 ,   64 , 1688 , 0.00 ,  4.8 , 50.0 ,
03/20/2024,   22 ,   63 , 1532 , 0.00 ,  7.4 , 50.0 ,
03/21/2024,   14 ,   47 ,  680 , 0.00 ,  9.2 , 50.0 ,
03/22/2024,   20 ,   34 ,  344 , 0.00 , 23.2 , 50.0 ,
03/23/2024,   21 ,   38 ,  171 , 0.01 , 15.8 , 50.0 ,
03/24/2024,   19 ,   42 ,  290 , 0.00 , 22.7 , 50.0 ,
03/25/2024,   10 ,   27 ,   75 , 0.03 , 18.4 , 50.0 ,
03/26/2024,    1 ,   25 ,  215 , 0.23 , 10.8 , 50.0 ,
03/27/2024,   16 ,   46 ,  697 , 0.06 ,  7.7 , 50.0 ,
03/28/2024,   33 ,   57 , 1142 , 0.00 ,  7.7 , 50.0 ,
03/29/2024,   33 ,   56 , 1040 , 0.00 ,  8.4 , 50.0 ,
03/30/2024,   27 ,   48 ,  683 , 0.00 , 25.0 , 50.0 ,
03/31/2024,   29 ,   35 ,   34 , 0.04 , 26.4 , 50.0 ,
04/01/2024,   24 ,   31 ,   47 , 0.20 , 21.2 , 50.0 ,
04/02/2024,   31 ,   54 ,  839 , 0.00 ,  8.3 , 50.0 ,
04/03/2024,   32 ,   65 , 1454 , 0.00 ,  6.1 , 50.0 ,
04/04/2024,   49 ,   76 , 2604 , 0.00 ,  3.7 , 50.0 ,
04/05/2024,   53 ,   75 , 2519 , 0.00 ,  7.5 , 50.0 ,
04/06/2024,   38 ,   65 , 1432 , 0.06 , 16.2 , 50.0 ,
04/07/2024,   31 ,   43 ,   85 , 1.40 , 26.7 , 50.0 ,
04/08/2024,   32 ,   35 ,   55 , 0.56 , 22.1 , 50.0 ,
04/09/2024,   35 ,   50 ,  785 , 0.01 ,  7.7 , 50.0 ,
04/10/2024,   42 ,   48 ,  661 , 0.00 ,  8.6 , 50.0 ,
04/11/2024,   34 ,   51 ,  917 , 0.00 ,  5.9 , 50.0 ,
04/12/2024,   34 ,   71 , 2020 , 0.00 ,  4.8 , 50.0 ,
04/13/2024,   57 ,   79 , 2875 , 0.00 ,  4.1 , 50.0 ,
04/14/2024,   49 ,   79 , 2875 , 0.00 ,  5.1 , 50.0 ,
04/15/2024,   51 ,   78 , 2815 , 0.00 , 24.6 , 63.0 ,
04/16/2024,   44 ,   72 , 1714 , 1.12 , 46.3 , 77.9 ,
04/17/2024,   32 ,   59 , 1193 , 0.01 , 66.1 , 92.4 ,
04/18/2024,   27 ,   40 ,  612 , 0.00 , 82.4 ,106.5 ,
04/19/2024,   24 ,   41 ,  663 , 0.00 ,101.1 ,120.0 ,
04/20/2024,   21 ,   40 ,  503 , 0.00 ,119.5 ,133.6 ,
04/21/2024,   28 ,   63 , 1709 , 0.00 ,132.2 ,141.6 ,
04/22/2024,   43 ,   64 , 1709 , 0.00 ,120.2 ,133.6 ,
04/23/2024,   40 ,   57 , 1269 , 0.00 ,116.7 ,127.8 ,
04/24/2024,   40 ,   67 , 1716 , 0.00 ,114.6 ,125.6 ,
04/25/2024,   50 ,   74 , 2092 , 0.00 ,113.7 ,124.7 ,
04/26/2024,   45 ,   68 , 1543 , 0.00 ,114.2 ,125.4 ,
04/27/2024,   39 ,   60 , 1007 , 0.00 ,114.8 ,126.9 ,
04/28/2024,   31 ,   54 ,  896 , 0.01 ,114.6 ,126.7 ,
04/29/2024,   34 ,   62 , 1289 , 0.00 ,112.5 ,123.1 ,
04/30/2024,   43 ,   62 , 1289 , 0.00 ,109.9 ,120.4 ,
05/01/2024,   34 ,   58 , 1250 , 0.00 ,109.0 ,118.9 ,
05/02/2024,   33 ,   58 , 1299 , 0.19 ,113.3 ,129.6 ,
05/03/2024,   35 ,   52 , 1084 , 0.00 ,113.3 ,129.6 ,
05/04/2024,   34 ,   56 , 1086 , 0.00 ,112.5 ,128.1 ,
05/05/2024,   43 ,   77 , 2438 , 0.00 ,108.9 ,124.5 ,
05/06/2024,   50 ,   76 , 2359 , 0.00 ,106.7 ,122.3 ,
05/07/2024,   37 ,   68 , 1706 , 1.85 ,118.3 ,138.6 ,
05/08/2024,   36 ,   47 ,  526 , 0.04 ,120.7 ,144.0 ,
05/09/2024,   41 ,   53 ,  343 , 0.35 ,124.0 ,151.3 ,
05/10/2024,   48 ,   64 , 1302 , 0.16 ,126.1 ,153.9 ,
05/11/2024,   46 ,   72 , 2063 , 0.00 ,125.0 ,152.8 ,
05/12/2024,   51 ,   74 , 2235 , 0.00 ,122.3 ,150.0 ,
05/13/2024,   50 ,   76 , 2236 , 0.00 ,119.0 ,146.7 ,
05/14/2024,   49 ,   76 , 2022 , 0.72 ,118.0 ,145.6 ,
05/15/2024,   47 ,   57 ,  619 , 0.88 ,137.3 ,168.6 ,
05/16/2024,   48 ,   71 , 1787 , 0.00 ,132.0 ,163.2 ,
05/17/2024,   53 ,   81 , 2853 , 0.00 ,130.2 ,161.4 ,
05/18/2024,   44 ,   81 , 3033 , 0.00 ,129.5 ,160.7 ,
05/19/2024,   43 ,   68 , 1776 , 0.00 ,128.2 ,159.4 ,
05/20/2024,   41 ,   70 , 1527 , 0.00 ,127.1 ,158.3 ,
05/21/2024,   41 ,   53 ,  494 , 0.17 ,126.6 ,157.3 ,
05/22/2024,   44 ,   66 , 1679 , 0.03 ,119.0 ,149.7 ,
05/23/2024,   48 ,   67 , 1626 , 0.00 ,114.7 ,145.3 ,
05/24/2024,   38 ,   61 , 1483 , 0.15 ,116.1 ,148.5 ,
05/25/2024,   45 ,   64 , 1465 , 0.00 ,115.3 ,147.7 ,
05/26/2024,   48 ,   67 , 1535 , 0.02 ,116.6 ,149.4 ,
05/27/2024,   48 ,   65 , 1390 , 0.01 ,116.3 ,149.1 ,
05/28/2024,   47 ,   71 , 1813 , 0.00 ,109.3 ,142.0 ,
05/29/2024,   60 ,   85 , 3246 , 0.00 ,101.7 ,134.3 ,
05/30/2024,   48 ,   82 , 2910 , 0.61 ,105.4 ,139.5 ,
05/31/2024,   45 ,   62 , 1119 , 0.00 ,104.5 ,138.5 ,
06/01/2024,   48 ,   67 , 1061 , 0.00 ,105.4 ,139.8 ,
06/02/2024,   57 ,   73 , 1635 , 0.00 ,104.5 ,138.9 ,
06/03/2024,   52 ,   80 , 2482 , 0.00 ,102.9 ,137.3 ,
06/04/2024,   50 ,   79 , 2368 , 0.00 , 98.1 ,132.4 ,
06/05/2024,   58 ,   69 , 1814 , 0.00 , 92.9 ,127.1 ,
06/06/2024,   53 ,   75 , 2252 , 0.00 , 87.9 ,122.0 ,
06/07/2024,   53 ,   80 , 2656 , 0.00 , 86.0 ,120.1 ,
06/08/2024,   48 ,   83 , 2967 , 0.00 , 85.7 ,119.9 ,
06/09/2024,   52 ,   71 , 1554 , 0.00 , 85.6 ,119.8 ,
06/10/2024,   59 ,   81 , 1878 , 0.00 , 85.3 ,119.5 ,
06/11/2024,   57 ,   81 , 2600 , 0.22 , 83.6 ,117.7 ,
06/12/2024,   64 ,   84 , 2825 , 0.00 , 80.4 ,114.5 ,
06/13/2024,   55 ,   84 , 3024 , 0.00 , 77.2 ,111.3 ,
06/14/2024,   57 ,   86 , 3139 , 0.00 , 76.1 ,110.1 ,
06/15/2024,   60 ,   88 , 3074 , 0.00 , 75.5 ,109.4 ,
06/16/2024,   50 ,   92 , 4254 , 0.00 , 73.6 ,107.6 ,
06/17/2024,   49 ,   70 , 1652 , 0.00 , 72.8 ,106.7 ,
06/18/2024,   46 ,   75 , 1748 , 0.49 , 75.4 ,111.1 ,
06/19/2024,   35 ,   64 , 1241 , 0.00 , 75.0 ,110.5 ,
06/20/2024,   49 ,   72 , 1902 , 0.00 , 73.9 ,109.4 ,
06/21/2024,   55 ,   70 ,  701 , 0.03 , 77.1 ,114.7 ,
06/22/2024,   54 ,   80 , 2237 , 0.13 , 79.2 ,118.0 ,
06/23/2024,   65 ,   89 , 2986 , 0.00 , 78.4 ,117.2 ,
06/24/2024,   80 ,   90 , 3948 , 0.00 , 76.6 ,115.4 ,
06/25/2024,   59 ,   92 , 3946 , 0.00 , 73.6 ,112.3 ,
06/26/2024,   52 ,   87 , 2978 , 0.00 , 72.7 ,111.5 ,
06/27/2024,   64 ,   85 , 2342 , 0.00 , 71.7 ,110.5 ,
06/28/2024,   57 ,   85 , 2753 , 0.16 , 72.7 ,112.1 ,
06/29/2024,   50 ,   76 , 2267 , 0.00 , 71.6 ,110.9 ,
06/30/2024,   50 ,   87 , 2584 , 0.00 , 72.1 ,111.9 ,
07/01/2024,   62 ,   90 , 3900 , 0.00 , 71.9 ,111.6 ,
07/02/2024,   57 ,   75 , 1837 , 0.00 , 69.3 ,108.9 ,
07/03/2024,   54 ,   74 , 1805 , 0.19 , 69.9 ,110.0 ,
07/04/2024,   51 ,   65 ,  885 , 0.49 , 73.7 ,116.3 ,
07/05/2024,   55 ,   71 , 1424 , 0.22 , 73.8 ,116.3 ,
07/06/2024,   56 ,   75 , 1985 , 0.00 , 72.8 ,115.4 ,
07/07/2024,   53 ,   76 , 2175 , 0.15 , 74.1 ,117.4 ,
07/08/2024,   55 ,   79 , 2402 , 0.09 , 76.2 ,120.7 ,
07/09/2024,   60 ,   84 , 3024 , 0.00 , 73.3 ,117.8 ,
07/10/2024,   61 ,   85 , 3205 , 0.00 , 71.0 ,115.4 ,
07/11/2024,   60 ,   90 , 3515 , 0.00 , 67.9 ,112.3 ,
07/12/2024,   71 ,   95 , 4611 , 0.00 , 64.1 ,108.5 ,
07/13/2024,   64 ,   97 , 5022 , 0.05 , 64.8 ,109.6 ,
07/14/2024,   61 ,   95 , 4330 , 0.00 , 64.0 ,108.8 ,
07/15/2024,   69 ,   97 , 5201 , 0.00 , 61.9 ,106.6 ,
07/16/2024,   64 ,   81 , 2347 , 0.00 , 60.8 ,105.6 ,
07/17/2024,   58 ,   84 , 2706 , 0.00 , 60.4 ,105.1 ,
07/18/2024,   61 ,   90 , 3515 , 0.00 , 58.3 ,103.0 ,
07/19/2024,   71 ,   92 , 3793 , 0.00 , 56.1 ,100.8 ,
07/20/2024,   61 ,   85 , 2835 , 0.00 , 55.2 , 99.9 ,
07/21/2024,   61 ,   84 , 2706 , 0.00 , 54.2 , 98.9 ,
